gM,rbM,rI,gI,bI
4,4,43,54,50
4,5,42,50,49
2,2,85,99,96
2,3,67,84,81
6,6,33,35,41
7,6,30,32,35
8,6,29,25,40
3,4,55,64,60
3,3,77,69,74
4,4,59,58,56
3,4,52,63,60
5,5,42,42,40
3,2,92,65,80
5,5,45,41,42
2,2,104,90,125
2,2,80,99,95
4,5,51,51,33
4,3,56,59,70
2,3,80,92,75
7,4,47,32,53
2,2,105,119,100
2,2,95,87,112
6,6,38,37,37
1,2,80,134,132
3,4,54,67,60
3,3,71,81,76
4,4,56,54,53
3,3,69,77,72
8,6,33,27,36
4,4,42,52,50
5,3,58,49,73
2,2,93,104,122
2,2,96,89,116
4,5,42,56,48
2,1,100,109,145
5,5,44,41,44
2,2,104,120,113
4,2,70,53,93
5,4,50,43,51
4,4,41,51,50
5,4,44,42,51
3,2,89,73,125
3,3,73,82,80
1,2,75,130,124
5,3,72,47,73
2,2,86,102,94
4,5,38,53,49
3,4,62,67,62
3,3,69,76,72
1,2,109,138,121
3,3,61,67,64
2,3,56,85,78
3,2,85,83,111
3,3,70,73,70
4,5,42,59,49
4,4,42,60,54
7,4,67,33,47
2,2,93,99,99
2,2,98,112,105
5,6,33,44,46
2,2,102,125,110
5,4,40,47,53
3,2,95,72,104
4,5,44,52,44
3,3,64,80,78
3,3,64,80,73
2,1,117,106,139
2,3,62,88,66
4,5,46,52,40
2,2,79,96,89
4,2,76,59,93
3,3,62,75,69
4,4,57,56,55
2,2,104,121,113
5,5,35,41,44
5,5,39,43,43
3,3,68,73,67
2,2,77,90,85
4,4,48,52,51
2,3,75,89,83
2,2,80,94,86
5,4,55,48,49
6,4,45,34,64
4,2,66,60,90
2,2,103,123,114
7,6,37,30,33
4,2,81,50,84
6,4,34,37,71
5,5,34,43,47
3,3,69,73,68
3,3,67,72,69
3,3,56,70,66
7,6,33,30,39
2,2,101,103,107
4,5,39,50,47
2,1,123,125,142
2,1,128,126,138
6,6,33,38,38
1,2,92,129,118
2,2,109,120,124
3,3,57,68,66
6,5,44,40,49
5,5,45,46,44
5,4,48,47,50
3,3,69,66,71
7,6,37,30,38
6,4,41,37,70
2,2,88,91,115
1,2,109,141,124
2,2,96,98,101
6,6,35,37,38
4,5,47,51,47
3,3,60,80,69
2,2,89,107,101
6,6,33,40,39
5,4,51,49,48
2,2,75,93,90
4,5,43,55,49
7,6,37,32,38
7,6,32,30,37
6,5,45,38,39
8,5,39,28,50
2,2,102,120,108
2,2,101,113,105
4,4,42,55,51
2,2,95,116,109
2,2,89,106,98
5,4,53,49,56
8,6,32,27,46
5,4,41,43,54
4,4,59,54,59
5,5,36,44,46
5,3,55,48,66
4,5,40,53,51
3,2,81,68,90
6,4,51,38,53
5,5,47,45,44
5,3,52,49,81
6,6,36,36,40
4,5,45,51,37
3,3,58,71,69
5,5,41,45,44
2,1,102,94,134
6,6,39,36,37
3,2,83,78,108
6,5,42,39,40
2,2,85,99,95
5,5,38,41,53
4,4,52,61,58
6,5,39,39,43
4,5,40,58,54
3,3,67,73,71
6,5,37,38,44
6,5,41,40,42
2,2,99,117,113
3,3,77,73,76
1,1,121,134,150
3,4,56,66,51
4,5,41,49,48
1,1,128,147,141
2,1,101,120,133
2,2,114,114,116
5,5,39,48,47
6,6,37,37,38
6,5,36,38,43
7,6,30,33,34
4,3,62,54,64
1,1,113,146,151
4,2,78,59,94
5,3,56,48,87
5,4,44,44,51
2,3,64,99,82
2,2,101,122,113
2,2,100,91,124
1,1,128,131,136
4,4,49,60,58
2,2,76,90,85
3,4,54,64,45
2,1,104,103,134
4,4,61,60,62
5,5,37,46,45
2,2,80,95,88
3,2,81,67,90
2,2,95,119,110
2,2,89,107,99
2,1,113,122,128
8,5,34,25,43
5,4,42,47,54
4,3,62,58,61
3,3,76,83,76
4,4,54,55,59
3,4,45,65,63
6,6,33,37,37
4,4,50,58,57
3,3,65,64,65
5,6,34,46,43
1,1,120,137,136
4,3,68,56,68
2,2,95,111,103
3,4,45,64,66
2,2,104,124,117
4,5,46,49,48
6,3,52,36,63
2,2,72,110,95
7,4,52,32,57
2,2,87,94,85
8,5,36,26,46
6,6,31,39,44
5,3,53,44,108
2,2,92,107,103
2,2,108,125,115
8,6,31,26,47
5,5,44,41,43
4,5,48,51,49
4,5,40,60,60
8,5,39,28,43
5,5,41,46,42
2,3,78,90,83
4,4,43,50,58
3,4,49,63,51
6,3,51,38,67
2,2,91,98,124
2,2,91,117,105
2,2,72,90,87
2,2,106,124,113
1,1,110,130,135
6,4,47,34,59
2,2,81,103,85
2,2,83,88,91
4,5,43,49,49
1,1,129,144,151
2,2,82,84,88
4,4,47,56,55
2,2,108,125,116
7,6,32,29,36
6,5,43,37,45
2,3,67,95,73
2,2,92,105,102
2,2,83,97,119
4,4,41,57,57
3,4,44,66,66
7,4,49,30,47
4,5,43,51,49
3,4,59,63,60
3,3,60,76,73
3,4,50,63,47
4,3,71,54,61
5,5,47,44,44
6,6,39,38,37
2,2,83,93,88
3,4,48,69,67
5,6,32,41,40
4,4,58,53,57
6,4,61,36,60
4,4,46,52,54
1,1,119,129,132
2,1,106,105,137
2,2,102,127,116
2,2,71,92,86
2,2,118,96,126
5,4,47,44,62
3,3,70,72,67
2,3,78,85,70
6,6,32,37,39
8,6,38,27,39
2,1,105,105,130
3,3,68,67,72
8,6,32,25,42
4,3,64,59,63
6,6,38,37,36
2,2,87,102,98
8,6,35,26,38
3,3,50,70,71
2,2,81,102,93
5,5,38,48,41
4,4,58,60,57
6,4,47,37,67
5,4,46,47,52
2,3,75,86,82
1,1,128,131,147
3,3,82,74,80
2,2,109,114,118
2,2,110,124,119
3,3,63,64,60
4,5,38,49,41
7,4,50,32,43
5,5,43,44,47
5,4,49,47,49
3,2,87,77,93
2,3,70,99,78
4,4,60,57,57
4,4,47,53,52
4,5,42,50,48
5,5,38,47,51
2,2,81,84,107
5,4,57,42,52
2,2,108,109,124
2,2,81,95,106
5,6,39,45,35
7,6,38,29,39
3,3,74,83,77
1,1,120,136,129
5,4,49,47,48
6,6,30,35,38
1,2,103,131,115
3,3,63,77,73
2,2,96,109,114
6,5,39,39,55
3,3,58,78,70
2,2,98,103,103
2,2,82,84,87
2,2,111,106,125
5,3,53,44,77
1,1,111,146,135
3,3,59,72,66
2,2,103,123,116
8,6,31,26,41
5,3,55,45,76
2,2,82,98,92
2,2,101,110,109
6,6,37,37,39
4,4,54,60,60
3,3,66,73,68
6,6,30,34,36
4,4,58,58,57
3,2,80,73,115
2,2,66,86,86
3,3,55,66,64
3,3,70,80,77
5,4,49,47,47
8,6,39,27,39
3,3,75,81,77
5,5,46,48,48
5,5,44,46,43
4,2,86,58,70
5,5,41,41,35
6,6,33,35,35
2,2,111,126,120
4,4,42,53,50
2,2,86,102,91
6,5,40,40,40
7,5,35,33,54
3,3,77,77,79
2,2,113,93,121
3,3,51,66,65
7,5,35,30,42
3,3,65,69,63
2,1,94,111,131
3,3,66,77,73
2,2,109,116,117
3,3,61,70,69
5,5,43,41,46
2,3,53,87,82
3,3,62,72,69
3,2,96,77,120
4,4,46,58,68
2,2,86,115,105
4,4,54,56,53
3,4,49,79,70
3,3,70,79,74
4,3,57,50,76
2,2,98,119,112
2,2,100,113,109
2,3,79,88,78
4,4,51,62,61
2,2,85,92,90
2,2,85,107,102
4,5,37,51,43
7,6,35,31,33
3,3,55,80,73
3,3,58,69,67
3,3,63,64,68
5,6,35,47,39
6,5,43,40,42
2,2,111,86,112
2,2,108,106,120
3,3,70,71,72
2,2,84,92,88
6,5,40,36,39
2,2,91,105,100
5,5,47,46,46
3,2,69,69,94
3,3,64,71,64
4,4,48,54,54
3,3,67,64,66
6,5,37,36,41
5,5,39,41,45
2,2,95,123,112
2,1,90,102,139
4,4,57,61,58
1,1,112,147,135
2,2,83,87,89
4,4,56,51,55
4,2,72,57,88
6,5,41,38,42
5,6,31,43,40
5,4,55,47,59
7,4,45,31,63
1,1,107,146,147
6,6,33,38,37
5,5,46,48,49
4,6,42,49,34
1,1,110,135,141
1,1,107,143,131
2,2,98,118,109
8,5,46,27,40
3,3,59,71,68
4,3,65,62,66
1,1,122,129,150
4,4,54,53,52
6,3,51,35,84
2,2,87,100,94
1,2,109,131,121
2,2,98,114,110
3,2,91,77,102
2,2,90,126,112
6,6,38,34,40
4,3,60,60,67
3,3,75,79,73
3,3,59,70,67
7,6,32,31,42
2,2,90,111,102
1,1,114,134,131
3,3,62,65,68
7,5,36,33,48
1,1,113,141,143
8,6,29,27,35
6,5,42,40,40
2,2,105,123,116
5,5,35,45,47
4,2,83,58,88
2,2,73,96,91
6,5,43,34,49
2,3,77,85,83
3,3,71,79,74
2,3,67,92,73
6,6,34,37,34
3,3,63,79,77
4,4,42,57,50
7,6,33,33,36
2,3,66,86,82
3,3,82,73,80
2,2,83,99,94
2,3,69,88,84
3,3,65,67,62
2,2,86,111,101
5,5,43,48,42
2,2,76,99,118
2,2,99,105,105
6,4,42,35,62
6,6,36,39,39
5,5,41,42,43
8,5,33,26,56
5,5,45,42,36
2,2,69,110,116
3,3,71,69,75
4,5,40,53,43
1,2,111,135,125
2,3,73,86,80
2,3,73,91,84
2,2,81,105,100
3,3,50,77,69
3,3,64,75,73
1,1,122,144,145
2,2,80,105,95
4,2,73,59,113
4,3,64,60,63
2,2,64,100,103
5,5,47,45,47
6,5,35,40,42
2,1,111,102,132
3,3,66,74,71
3,3,53,66,89
4,4,57,54,61
2,2,95,122,111
1,2,106,139,125
2,2,93,119,112
2,2,84,96,93
8,5,33,28,64
4,4,55,60,56
4,3,61,55,81
2,2,110,126,119
4,3,67,59,70
2,2,110,127,119
2,3,75,86,78
3,2,86,81,88
6,6,32,34,34
6,5,40,35,38
4,4,45,56,63
1,1,110,140,130
3,3,63,64,61
5,5,35,45,41
4,5,45,60,46
5,5,46,42,34
2,2,72,96,86
2,2,79,95,89
5,5,43,42,43
2,2,85,93,85
6,5,42,38,39
2,2,77,100,96
2,2,88,97,98
1,1,119,139,137
5,5,37,47,45
3,2,99,72,113
3,3,74,74,68
6,4,52,34,57
3,4,57,65,48
2,2,107,114,114
3,3,52,68,73
2,3,69,84,77
4,2,70,61,86
5,3,56,45,74
6,6,35,34,32
2,2,118,99,119
5,3,56,49,64
4,4,53,58,54
4,4,55,56,59
5,5,44,46,47
3,3,66,64,61
6,6,35,40,38
2,2,81,92,88
2,2,79,109,88
4,3,62,62,60
6,4,51,34,46
2,1,110,126,138
4,4,55,52,53
2,2,102,111,106
7,4,41,31,74
6,5,35,36,43
4,4,43,53,51
2,2,97,111,108
5,3,51,46,69
2,2,83,96,89
1,1,114,146,135
8,6,39,28,35
4,3,64,62,63
1,2,105,133,116
2,2,80,103,99
1,1,124,128,149
8,6,29,26,47
4,4,56,52,62
2,2,90,102,98
2,2,78,115,104
3,3,55,77,66
7,6,33,31,48
4,5,38,50,44
3,3,68,75,71
3,3,64,64,61
3,4,55,64,59
2,3,58,87,80
5,3,54,44,78
4,6,48,51,34
5,5,38,44,43
2,1,106,106,134
2,2,101,120,107
2,2,110,97,117
5,5,34,42,41
2,2,86,99,96
3,2,77,68,105
3,4,42,62,53
3,3,68,75,70
3,3,76,78,73
6,4,47,39,53
3,3,52,71,67
3,3,68,74,69
2,2,106,95,114
3,3,56,67,64
2,1,129,118,141
4,3,68,61,65
2,1,107,127,136
5,5,42,43,42
3,3,59,73,71
1,2,104,131,121
4,6,36,49,40
4,5,38,56,53
4,4,46,54,53
4,4,60,61,59
3,3,62,72,67
1,1,119,140,143
1,2,89,137,119
6,5,41,36,47
4,3,62,55,65
5,5,43,44,44
5,3,55,41,69
5,3,70,42,60
2,1,105,97,143
4,3,65,62,83
3,2,77,68,91
2,2,103,88,112
4,4,51,55,53
6,6,32,39,39
2,1,119,98,143
6,4,44,37,50
5,6,33,43,42
4,5,43,50,48
2,2,105,127,114
3,3,68,70,66
5,5,35,42,48
2,2,95,113,107
4,2,73,59,101
4,4,56,53,62
4,3,56,58,79
4,4,53,61,58
2,1,105,108,132
5,5,42,45,46
2,2,83,85,88
4,3,62,60,58
1,1,118,144,146
4,5,48,57,44
6,6,37,34,39
2,3,62,90,105
6,5,35,40,44
4,4,42,60,52
1,1,102,137,133
2,1,129,125,140
5,5,40,42,48
2,2,99,121,114
6,5,35,34,42
4,2,66,57,84
2,1,111,105,145
5,5,35,46,50
3,4,48,68,62
3,2,70,75,99
3,3,54,82,81
5,6,32,42,39
5,4,48,41,54
4,4,52,50,52
2,2,104,122,113
2,1,124,124,146
5,3,61,43,76
1,1,123,148,152
2,2,89,101,90
4,2,75,52,93
2,2,74,93,90
3,4,43,68,63
3,3,63,73,60
6,6,36,39,40
4,3,52,61,104
4,3,59,52,77
2,2,93,109,114
6,5,41,39,38
4,5,40,56,54
4,4,49,54,50
4,5,45,54,47
4,5,42,52,40
4,4,42,50,58
3,3,70,73,69
4,5,37,53,52
7,6,35,32,33
3,2,74,72,112
4,5,47,53,43
2,2,84,113,103
5,5,47,46,47
2,2,99,119,110
4,4,51,57,51
2,3,59,93,81
2,2,95,121,112
4,2,63,55,120
3,3,75,81,76
2,2,88,91,118
3,3,61,63,64
6,6,33,39,37
1,1,114,142,139
2,1,119,117,140
2,2,73,92,86
2,2,73,91,87
4,4,49,58,55
7,4,41,29,53
2,2,77,92,86
5,5,38,48,45
2,2,91,109,99
4,3,72,59,67
5,4,59,43,56
8,5,35,27,42
8,6,37,25,30
2,2,78,104,96
2,2,76,84,102
2,2,84,92,89
5,5,39,43,54
3,2,82,80,107
2,2,101,112,113
3,3,66,66,58
4,3,72,59,66
2,2,90,100,89
2,2,90,122,111
2,2,92,96,124
6,4,49,37,60
3,2,85,81,80
5,3,70,43,67
3,2,89,71,101
3,4,46,64,62
5,5,45,48,46
4,4,48,51,50
4,2,78,57,93
2,2,95,88,101
1,1,129,144,150
7,6,33,31,49
6,4,42,35,58
2,1,102,111,141
4,4,42,55,52
3,3,66,81,66
5,5,47,44,48
6,5,46,38,43
3,3,75,80,79
1,2,94,137,109
4,4,42,53,51
1,2,111,144,126
5,4,50,47,50
4,4,57,55,56
3,4,56,70,53
4,4,46,54,52
2,2,96,109,103
4,4,50,62,61
6,6,33,35,39
6,6,33,39,36
3,3,64,76,75
6,6,39,38,38
3,2,82,74,111
5,5,45,46,37
8,6,27,26,42
8,6,29,28,34
2,3,56,88,74
6,6,32,35,38
4,3,64,58,62
4,6,40,50,38
7,6,32,32,39
6,5,43,40,40
1,2,101,133,123
4,3,60,49,68
6,5,39,37,43
4,4,43,50,54
1,1,123,141,134
5,3,54,49,71
7,4,34,33,72
3,3,70,70,75
6,5,47,36,49
3,2,98,65,81
2,2,93,101,99
2,2,80,104,95
2,2,84,92,83
4,5,35,50,48
5,4,49,44,52
1,1,111,148,133
5,3,67,48,77
3,3,59,67,66
8,5,42,28,38
4,5,40,49,44
2,3,80,87,79
5,4,49,45,49
1,2,107,128,120
5,6,35,40,31
7,4,67,32,44
3,2,95,65,97
6,3,54,39,68
4,2,68,59,101
4,5,38,50,46
7,6,29,33,34
3,2,74,63,108
5,5,36,42,49
5,5,41,42,36
5,5,42,46,44
3,2,92,83,99
2,3,74,84,82
4,4,51,50,51
2,2,80,103,97
4,3,67,61,75
4,5,39,50,50
8,4,47,27,52
4,4,55,59,57
3,3,65,79,73
2,2,83,98,92
5,4,51,49,49
2,2,100,126,117
5,5,44,46,48
7,5,39,32,47
7,6,34,33,34
4,4,42,54,53
4,4,61,62,59
2,2,95,105,94
4,4,48,55,54
5,4,51,45,46
7,5,38,31,54
5,6,36,42,35
4,5,39,53,57
4,4,57,56,57
3,3,71,72,70
7,4,47,32,51
1,2,114,136,124
6,5,39,39,44
2,2,86,109,103
3,4,46,67,54
1,1,112,138,132
4,2,83,61,148
3,3,69,82,80
3,4,52,64,62
2,2,100,121,105
6,6,32,39,36
3,4,53,65,62
5,3,66,42,59
1,2,102,132,123
4,4,57,57,55
1,1,128,144,136
3,4,61,66,62
3,4,44,65,53
2,2,86,105,98
2,2,83,98,89
4,2,72,52,111
6,6,32,36,35
3,4,52,63,55
1,1,126,148,132
2,3,75,87,82
4,4,43,56,55
5,5,45,48,44
5,5,45,47,45
7,5,37,32,56
4,4,49,60,57
2,2,100,111,106
7,6,29,31,36
7,6,30,32,40
4,4,49,51,48
1,2,113,130,126
6,3,71,36,53
3,3,57,72,78
2,2,94,97,98
2,2,95,118,111
4,4,55,53,52
3,2,93,72,97
1,1,128,149,142
2,1,101,114,130
6,3,66,38,80
2,2,101,123,116
3,4,43,66,65
2,3,76,88,82
5,4,53,48,55
2,2,97,114,108
4,4,51,50,48
3,3,66,75,69
3,2,80,66,89
5,5,44,41,42
2,2,106,126,115
5,5,40,41,47
1,1,125,129,136
6,5,39,36,43
2,2,97,118,110
4,5,40,53,42
7,5,41,33,48
6,3,67,40,68
4,4,49,51,49
5,5,43,47,46
3,2,80,70,95
7,6,33,29,35
4,2,65,54,130
2,2,87,86,112
2,2,101,116,108
7,6,30,30,34
4,2,90,55,81
4,3,58,52,68
2,3,75,84,81
2,2,114,113,111
1,1,105,137,141
7,6,32,29,41
4,3,57,60,63
4,4,53,61,60
5,4,52,47,50
8,6,28,28,51
2,1,113,111,134
3,2,89,82,111
5,4,40,47,52
2,2,85,101,96
7,6,34,31,32
6,5,44,35,48
7,6,31,30,38
3,3,66,83,79
5,5,46,42,44
2,1,122,117,135
2,3,65,86,62
4,4,47,51,50
1,1,106,139,131
2,3,66,94,70
6,6,36,35,38
6,6,34,39,40
2,1,118,122,138
2,1,116,122,149
8,6,27,27,51
3,3,72,77,72
1,2,108,139,122
2,2,66,87,90
6,6,38,39,39
4,4,49,59,58
6,6,39,37,31
5,5,35,48,43
1,2,103,130,118
6,6,34,35,40
2,1,119,115,145
2,2,85,94,82
3,2,80,83,129
8,5,34,26,53
5,6,44,45,33
2,2,81,97,90
2,2,87,95,93
4,4,50,51,58
3,4,53,73,57
2,2,106,99,126
3,3,55,66,63
3,4,48,75,65
3,3,79,78,82
4,3,61,57,64
3,3,62,64,65
6,6,35,35,37
3,4,45,65,69
4,5,48,50,49
6,6,35,37,36
7,6,30,29,36
8,5,33,26,51
3,3,63,64,62
4,3,62,56,69
8,5,37,27,42
5,3,66,42,57
4,3,64,56,71
5,5,43,42,41
3,3,63,69,64
3,3,49,65,79
6,4,47,39,71
2,1,104,110,139
3,3,65,67,64
5,5,47,44,49
3,3,63,71,65
2,1,96,117,129
4,4,50,50,58
5,3,59,41,63
4,5,36,53,47
8,6,27,25,50
4,4,61,60,58
3,3,50,67,71
3,2,84,78,96
2,2,100,126,116
7,6,35,33,35
6,5,36,35,41
4,5,45,58,43
6,5,35,39,44
4,4,51,53,55
6,5,37,38,56
2,2,94,98,112
2,2,87,105,97
4,5,44,49,47
3,3,57,73,69
2,2,94,100,120
5,5,39,43,42
4,5,35,52,44
5,6,35,42,34
4,2,67,60,95
5,5,42,47,44
4,4,59,52,52
5,4,49,47,51
6,4,49,40,54
3,3,72,75,73
4,4,51,57,56
4,5,41,51,45
2,1,109,122,138
1,1,129,140,142
7,6,36,32,35
4,4,50,52,51
5,4,51,46,48
2,2,120,85,104
1,2,103,129,121
2,1,110,114,143
2,2,101,108,107
3,3,79,74,73
2,2,104,84,107
4,3,64,57,61
2,2,107,126,118
7,5,34,33,47
3,3,58,78,68
2,2,85,98,87
2,2,94,94,99
2,3,77,87,79
5,5,45,46,46
2,2,103,126,116
2,1,119,105,144
6,5,36,35,48
6,6,39,35,33
3,2,78,71,114
5,5,45,48,48
6,6,32,34,42
5,3,68,43,67
2,3,74,88,82
5,5,44,46,37
4,4,44,52,50
5,5,42,41,44
1,1,120,148,153
2,2,111,117,119
5,3,53,44,72
2,2,95,90,104
2,3,67,102,81
7,6,34,29,36
3,2,105,71,91
2,2,103,109,104
2,3,70,88,84
4,4,57,56,56
2,1,101,104,128
3,3,68,77,72
3,3,66,63,83
3,2,89,76,126
8,5,35,28,45
5,6,35,43,37
4,3,63,50,71
5,4,43,43,71
3,3,68,73,70
2,1,100,123,147
7,4,44,32,61
2,2,102,95,115
3,4,55,64,58
2,3,68,84,81
2,2,80,93,88
2,2,94,106,95
5,4,58,48,62
7,4,35,32,70
2,2,94,123,113
3,3,68,66,63
3,2,90,63,92
4,5,46,59,47
5,6,39,47,37
1,2,84,132,99
2,2,99,100,104
5,3,52,48,64
5,4,49,48,48
2,2,97,123,111
6,6,29,36,37
5,6,32,45,43
5,4,42,43,53
5,5,39,43,41
4,4,41,60,62
6,4,53,37,55
5,5,39,45,44
4,2,100,57,85
2,2,96,112,110
5,4,49,48,47
6,6,38,38,40
3,3,75,80,75
1,1,109,141,131
5,6,36,40,39
2,2,91,88,101
4,4,54,49,50
5,3,74,44,65
1,1,122,146,147
7,6,36,32,36
2,2,100,116,103
6,5,38,38,47
2,3,77,86,82
2,2,83,102,94
4,4,51,58,55
2,2,111,127,119
3,4,45,71,70
1,1,115,132,130
5,4,48,44,76
4,2,69,56,88
4,4,56,51,54
7,5,34,31,47
2,2,94,125,116
5,6,36,47,38
1,1,122,147,139
2,1,127,106,123
4,2,79,51,86
8,5,36,26,48
2,3,77,90,84
4,4,56,54,54
6,5,41,40,44
3,3,67,63,67
6,6,31,34,42
5,3,57,47,118
5,4,45,47,53
1,1,126,142,143
2,2,81,98,92
1,1,128,144,149
4,3,63,59,75
5,5,44,41,46
2,2,85,108,101
5,3,56,48,74
7,6,34,30,33
1,1,124,143,139
1,2,105,129,118
5,5,44,42,41
5,5,47,46,48
2,2,117,99,124
5,3,58,49,81
4,4,48,54,80
4,4,55,56,53
8,6,30,25,46
4,4,55,50,54
4,5,45,58,48
7,4,45,32,52
3,4,46,72,62
3,2,103,73,100
6,4,46,40,52
5,5,44,43,45
5,3,70,48,79
5,4,52,47,49
2,2,96,92,125
3,4,51,70,56
6,6,33,34,34
3,4,48,72,62
5,5,43,42,44
3,3,51,77,77
3,3,66,74,70
4,4,55,54,47
1,1,115,130,148
4,4,54,61,58
2,3,61,97,95
5,2,86,45,63
7,6,34,32,32
4,4,59,56,59
5,5,36,44,42
6,4,46,36,56
4,2,67,60,88
4,6,35,50,39
3,4,48,63,51
2,2,95,118,112
3,3,71,78,77
3,3,58,83,73
2,2,94,114,105
3,4,50,63,55
2,2,79,89,85
6,5,35,35,43
2,2,104,116,110
5,5,46,47,47
3,3,63,78,71
4,5,42,51,48
3,4,44,68,59
5,5,37,43,42
4,3,64,61,60
5,5,48,47,46
3,4,48,69,63
6,4,42,34,50
6,5,34,40,46
3,3,54,78,66
2,2,100,118,113
2,2,106,124,117
6,6,30,35,34
7,6,35,29,40
3,4,49,73,64
5,5,42,46,45
3,3,76,75,79
2,2,97,121,114
2,2,85,98,92
2,2,87,112,102
5,4,49,41,52
4,4,58,56,57
6,6,35,35,40
3,2,82,72,148
3,3,70,76,71
2,2,79,96,93
6,6,36,38,35
5,5,47,43,43
2,2,94,110,102
2,2,103,119,115
4,3,59,60,72
4,4,53,60,57
5,5,44,43,46
3,3,52,74,83
1,2,104,134,117
5,6,39,48,38
2,2,87,92,90
5,4,53,41,48
1,2,111,128,116
2,2,103,115,110
5,5,40,47,49
4,3,58,60,63
5,5,39,48,61
7,6,33,32,34
4,5,40,55,49
4,2,66,56,91
3,3,61,74,68
2,2,100,121,115
4,2,86,58,84
4,5,48,55,40
3,4,55,65,60
5,5,42,44,37
5,5,40,43,43
2,2,91,116,107
2,1,128,106,126
3,3,70,66,83
2,1,106,112,139
3,3,70,65,82
5,5,45,44,45
2,3,62,97,90
3,3,77,83,82
6,5,40,40,43
2,2,94,116,108
2,2,96,118,114
6,4,45,35,83
6,6,41,37,33
8,6,33,28,37
7,5,35,31,41
4,4,51,57,55
5,4,41,41,66
4,5,55,54,40
6,4,48,35,66
3,4,50,65,54
6,5,41,34,47
5,4,48,49,51
3,2,89,83,113
3,3,76,81,77
7,5,38,32,42
4,5,47,49,47
4,4,46,54,54
1,1,124,142,142
5,4,48,47,69
2,2,85,93,91
2,2,105,114,113
2,2,77,88,86
4,5,40,54,44
2,2,88,102,91
4,4,52,53,52
6,5,45,38,46
7,6,30,30,40
2,3,80,91,81
2,1,129,113,133
4,4,59,61,58
8,5,36,27,53
3,3,61,76,70
2,2,102,95,113
3,2,81,70,85
2,1,87,99,128
3,3,59,69,64
6,4,43,35,76
4,2,79,56,134
4,5,51,56,40
4,3,60,51,92
2,2,82,106,96
2,2,86,106,97
4,6,41,49,33
4,4,61,60,60
5,5,45,42,44
4,3,62,50,83
6,6,37,38,34
4,3,67,59,72
2,1,104,108,145
7,6,33,29,39
2,3,67,86,79
2,3,68,86,83
1,2,103,131,126
2,2,110,124,120
3,2,80,80,87
6,5,37,36,51
6,4,44,34,52
5,5,47,43,46
2,2,99,93,110
3,3,62,76,72
4,4,60,52,59
2,1,111,109,130
4,4,48,52,66
4,4,54,53,51
2,3,68,87,79
3,3,73,80,68
5,4,52,46,51
5,5,41,44,43
2,2,84,106,97
2,2,71,110,99
6,5,43,35,37
4,4,56,51,57
6,5,37,35,41
2,2,93,112,104
3,4,49,72,64
5,5,46,44,44
1,1,127,140,128
2,2,93,100,126
6,6,38,36,35
3,3,59,77,71
5,6,31,42,41
6,5,41,36,46
1,1,128,147,140
4,4,55,58,55
3,3,69,73,70
2,2,86,112,106
2,1,105,105,128
3,3,74,81,78
3,3,68,63,66
2,1,126,116,133
5,4,53,48,51
3,3,65,73,70
6,4,55,40,62
6,6,34,35,35
4,3,82,60,73
6,6,29,35,35
4,5,41,52,45
4,4,54,49,51
2,3,74,85,79
3,4,57,65,62
2,2,78,99,91
3,3,66,67,62
2,2,110,124,124
2,2,88,118,107
1,1,125,146,149
7,6,33,31,44
2,2,91,106,93
5,5,46,43,44
2,1,116,106,131
2,1,95,101,135
2,2,87,95,87
1,2,107,132,121
5,4,40,41,59
6,6,33,36,35
2,2,82,92,88
3,4,60,66,61
5,4,46,48,51
3,3,59,72,68
8,6,30,28,37
2,2,89,97,89
2,2,103,113,116
5,5,45,44,48
2,2,80,85,84
2,3,78,90,84
6,3,49,39,69
5,6,34,40,34
3,2,70,65,98
2,2,101,122,112
4,4,50,59,50
2,1,118,125,145
3,3,62,77,73
2,2,85,92,91
2,2,92,101,105
4,4,44,52,51
2,2,95,106,94
3,3,77,68,73
6,4,48,36,58
3,3,67,73,69
5,4,43,46,50
3,2,97,75,101
5,4,49,46,49
5,4,54,49,50
7,6,33,33,38
5,5,45,43,44
4,3,66,58,72
3,3,52,76,71
3,3,63,70,65
7,5,39,31,45
4,3,66,55,63
4,4,47,54,78
2,1,93,107,130
3,3,57,72,70
4,4,41,59,54
2,2,94,109,102
6,3,54,37,79
2,2,103,126,118
2,2,107,120,111
6,6,37,35,36
1,1,126,143,144
2,3,73,90,82
4,6,40,51,40
3,3,65,66,66
3,4,57,69,61
4,2,85,56,76
2,2,99,92,114
4,4,43,55,51
4,2,72,62,97
2,1,111,127,143
5,6,36,42,38
4,3,56,52,67
8,4,40,27,52
6,6,38,38,39
7,5,46,33,39
5,6,36,43,38
1,2,106,139,124
3,3,68,71,71
3,4,58,63,60
8,5,40,28,47
3,4,47,70,60
3,3,73,77,74
4,4,49,54,51
1,2,111,134,125
5,5,35,46,48
4,5,44,50,49
5,5,41,41,39
2,2,103,117,112
2,2,91,111,101
4,4,52,51,49
2,2,86,101,94
2,2,84,102,99
4,3,52,58,79
2,2,95,104,121
7,6,30,32,41
1,1,109,130,129
2,1,119,103,135
3,2,101,82,113
1,2,87,133,120
2,1,127,123,152
6,5,34,36,48
6,6,35,34,33
2,2,124,96,127
3,3,72,78,76
8,6,30,26,34
6,6,33,40,37
2,3,55,86,77
2,2,104,124,116
8,5,37,26,42
5,5,40,41,41
3,2,84,78,125
4,4,52,56,56
7,6,30,32,36
2,2,95,104,94
3,3,62,66,72
1,1,112,136,140
5,5,48,42,43
2,2,102,117,111
2,2,90,113,106
4,3,50,57,64
4,4,45,53,53
2,2,109,124,119
5,4,49,46,52
3,3,83,66,80
2,2,104,110,111
4,5,46,59,44
3,2,101,76,100
6,6,36,40,40
8,6,31,25,38
3,3,52,80,76
5,6,34,41,39
8,6,41,25,31
5,4,52,44,58
1,1,117,138,147
6,5,36,36,50
4,3,69,49,72
6,5,40,39,40
2,2,74,98,87
5,5,44,42,42
2,3,78,87,80
6,5,43,36,45
3,3,69,73,72
1,1,122,139,151
7,6,29,31,34
5,5,42,48,48
6,3,54,37,70
3,4,44,65,52
4,4,61,62,61
2,2,97,118,103
3,1,88,68,151
4,3,65,51,57
4,4,59,53,57
1,1,128,129,146
3,3,65,77,72
3,3,69,82,76
3,3,52,78,74
7,6,32,32,47
2,2,85,92,84
6,5,42,35,38
4,3,54,55,101
5,5,44,45,46
6,5,35,38,42
3,2,68,68,94
4,4,52,54,52
8,6,27,28,47
5,5,42,42,45
7,4,49,33,46
7,5,37,33,50
1,1,129,147,149
5,5,36,48,44
7,6,38,32,36
8,5,37,26,54
8,6,33,25,39
5,4,51,45,47
4,4,42,52,68
1,1,124,149,153
1,2,111,131,123
3,3,74,78,74
2,2,95,89,126
3,4,46,68,55
6,4,47,39,54
3,3,76,83,77
7,6,31,30,43
4,4,54,54,58
5,3,59,45,98
3,2,70,71,101
2,2,85,95,94
3,3,76,80,75
5,5,43,43,41
3,2,85,79,96
3,3,68,79,74
3,2,82,68,102
1,2,102,134,123
1,1,127,137,141
3,3,68,77,73
4,4,49,50,51
2,2,84,99,91
2,3,71,89,84
5,3,50,48,65
5,5,42,47,45
1,2,117,139,126
5,5,35,44,42
2,2,74,120,111
3,3,66,75,71
4,4,49,54,52
4,4,48,62,59
2,2,92,114,108
3,4,49,73,66
7,4,40,31,57
4,4,58,62,59
6,4,54,36,51
6,5,40,38,44
8,6,40,25,32
1,1,116,141,142
3,3,73,77,71
4,4,47,59,56
2,2,79,92,85
8,5,39,28,49
3,4,45,67,66
6,5,42,38,38
2,2,98,116,109
4,5,39,57,48
5,6,35,44,39
5,5,48,45,48
3,3,64,72,69
6,4,43,37,57
4,4,44,60,58
5,5,40,48,44
3,2,100,74,107
2,2,86,105,97
3,2,77,64,100
5,5,35,42,41
4,4,52,53,55
4,2,72,62,106
4,4,50,52,55
3,4,50,70,61
1,2,102,135,124
2,2,121,87,119
8,6,32,26,48
8,5,35,27,45
5,3,72,44,68
8,6,34,28,32
8,4,43,28,52
2,2,102,118,106
4,3,62,61,62
5,4,52,48,51
7,6,33,30,37
7,6,35,33,39
3,4,55,71,59
2,2,89,102,98
3,3,65,66,62
4,4,56,62,59
5,3,56,48,75
2,2,83,96,112
2,2,112,85,120
1,1,115,134,149
2,2,83,113,102
3,3,71,75,69
3,3,68,69,74
3,3,74,78,76
7,6,32,31,34
5,5,35,42,46
3,3,71,83,76
6,6,30,35,36
6,6,34,38,38
2,2,108,123,118
5,5,42,42,42
7,5,37,32,47
5,3,55,46,64
7,5,47,32,49
3,2,101,77,100
6,5,39,37,61
6,5,40,38,37
2,2,91,113,110
4,5,36,50,41
7,6,29,30,38
7,4,44,33,63
3,2,105,77,105
3,3,72,70,73
5,4,52,42,55
2,2,98,120,116
3,2,72,79,106
8,5,44,27,40
2,3,54,86,83
1,2,102,131,120
5,5,37,43,46
3,2,89,75,99
2,2,82,96,92
4,3,62,61,66
5,5,48,42,42
2,2,101,119,104
2,2,107,122,118
5,5,41,43,45
3,3,61,73,69
2,3,71,89,82
3,4,56,64,60
2,2,105,118,115
7,6,32,33,38
6,6,38,37,40
5,5,34,45,49
4,4,43,50,50
7,6,31,32,36
2,2,74,111,99
5,5,36,46,45
2,2,92,113,104
3,3,69,82,77
2,2,95,108,106
4,3,51,53,64
4,4,59,57,55
4,5,44,50,48
4,5,48,59,41
2,1,103,94,136
3,3,61,75,69
5,4,53,47,50
5,3,79,48,83
2,2,102,115,109
8,5,33,25,52
5,5,41,44,48
4,5,40,53,44
5,5,35,43,42
3,3,66,76,71
5,4,49,45,48
6,5,40,36,44
5,6,34,42,37
3,3,56,76,68
2,2,98,122,112
4,2,73,54,99
2,2,100,98,109
1,2,100,130,118
2,2,79,92,88
3,3,64,70,66
3,3,74,82,76
5,5,38,45,44
8,5,38,27,56
3,1,94,79,132
5,5,47,47,39
3,3,65,63,63
6,6,37,40,39
3,3,64,81,75
2,2,108,112,117
6,3,55,38,73
3,3,70,78,73
2,2,105,119,112
4,4,49,56,53
3,2,87,82,87
2,2,98,114,111
2,2,89,117,110
3,2,98,74,91
6,5,42,40,43
3,3,70,79,75
2,2,107,118,115
4,5,38,54,48
6,4,52,39,51
1,1,125,133,133
5,5,44,41,40
7,5,35,30,47
3,3,58,68,67
5,5,46,44,48
5,5,45,45,36
6,4,44,35,61
5,5,39,46,51
2,1,109,93,132
6,6,43,36,28
5,5,38,47,45
3,3,70,72,66
5,5,39,42,54
1,2,111,137,122
3,3,65,73,68
5,5,47,47,37
3,4,47,65,56
2,2,101,108,103
3,3,62,73,68
3,2,101,74,110
5,4,40,46,55
3,3,77,74,77
1,1,96,142,132
8,6,30,26,38
2,2,70,89,85
4,5,40,50,54
1,2,84,145,131
4,5,38,49,43
3,3,61,77,74
3,3,62,75,82
2,2,87,94,86
2,2,107,126,115
2,2,76,109,91
2,2,84,93,90
2,2,92,114,102
4,3,62,58,62
6,5,37,36,45
3,2,78,80,84
2,2,99,108,104
4,4,54,61,59
8,6,31,28,35
2,2,122,116,127
6,5,38,34,47
1,2,107,131,122
2,2,107,108,125
2,2,103,110,107
1,1,120,143,145
2,1,113,116,138
2,2,95,115,105
2,3,74,84,78
2,2,91,106,98
4,4,50,56,51
3,2,115,80,113
4,2,64,54,91
2,1,104,109,137
2,2,87,103,98
4,4,42,56,58
3,2,76,73,115
4,4,46,59,54
4,4,56,59,56
2,2,104,115,111
4,3,62,62,61
7,5,42,31,37
4,2,76,57,99
5,4,40,43,54
3,2,68,65,95
3,3,63,70,64
1,1,119,138,135
4,2,80,60,88
4,2,63,56,104
2,2,106,119,116
6,6,35,39,39
2,3,72,96,68
4,2,64,51,92
3,3,65,68,63
2,2,84,95,85
2,2,90,102,96
5,5,37,44,43
3,4,44,67,60
5,5,39,48,55
3,3,77,77,81
2,2,103,124,117
5,5,47,48,47
2,3,56,93,81
7,4,45,33,68
1,2,113,131,125
1,2,103,132,119
1,2,103,134,122
1,2,91,139,113
2,2,93,113,106
3,3,55,73,74
8,6,32,27,41
5,5,42,45,44
1,2,119,134,126
2,1,122,119,147
6,5,41,38,44
3,4,49,70,58
2,1,107,108,136
2,2,91,89,93
6,6,29,37,37
2,2,93,99,100
2,1,126,120,135
3,2,66,79,103
3,3,74,65,72
2,2,101,108,106
3,3,62,77,69
2,2,88,118,110
5,5,43,47,45
6,5,35,39,48
4,4,41,51,55
3,2,94,66,93
6,5,42,38,43
2,2,88,98,95
2,2,79,107,96
5,4,45,48,50
6,5,41,39,44
6,4,60,35,56
2,2,94,112,105
6,5,35,40,46
2,2,96,120,113
6,5,41,40,41
3,3,54,69,90
2,2,83,88,125
7,6,35,31,35
5,5,46,48,47
4,4,52,61,62
2,2,97,120,111
6,4,42,37,77
7,4,50,33,44
6,3,41,37,86
4,5,47,53,49
1,2,103,129,120
1,2,111,136,122
3,3,64,67,65
5,6,38,45,40
2,2,92,110,105
6,3,72,36,56
2,2,99,105,104
5,5,35,43,46
3,3,74,83,75
8,5,41,28,46
2,2,79,91,87
2,2,94,108,96
8,6,38,25,29
5,3,43,44,91
2,2,68,98,95
5,4,51,47,48
4,4,58,55,55
4,4,56,60,57
7,6,30,31,41
4,3,64,62,64
5,3,55,41,74
1,1,128,150,149
7,6,39,33,39
4,4,42,56,62
6,4,56,40,56
3,3,50,65,65
2,2,88,100,95
2,3,64,97,75
3,2,79,68,85
4,2,70,58,95
2,2,101,114,103
5,6,38,41,31
4,4,54,61,57
2,2,74,86,85
3,3,64,71,67
1,2,106,130,120
2,2,77,93,86
3,3,55,68,64
6,6,39,36,38
2,2,93,112,107
4,3,57,58,69
4,2,68,60,98
2,2,80,102,95
3,3,58,66,63
6,6,34,36,37
4,3,74,58,81
2,2,91,99,108
2,3,54,85,74
7,5,35,30,59
2,2,96,105,102
5,4,51,47,49
6,5,37,34,59
4,2,62,49,87
3,3,59,68,64
6,5,40,39,38
4,4,61,54,58
3,3,63,72,68
2,3,74,84,83
2,3,76,84,78
2,3,71,89,83
2,3,76,90,84
3,3,65,69,83
7,5,34,29,44
4,4,57,57,56
5,5,45,48,45
2,1,101,98,130
2,3,81,91,84
1,2,113,129,122
2,2,102,117,108
2,2,80,98,93
6,3,49,35,68
3,4,52,65,62
1,2,117,131,122
2,2,90,111,101
7,6,34,31,35
2,1,92,100,129
3,3,66,66,65
6,6,39,37,40
2,3,75,84,80
3,3,57,67,65
3,3,68,81,70
2,2,97,119,112
4,4,53,52,53
8,4,42,28,52
3,3,58,70,66
3,3,69,81,75
3,5,45,62,49
5,3,72,48,79
6,4,43,39,69
2,2,116,105,116
4,3,72,55,79
4,4,55,50,53
2,2,79,121,102
2,2,79,98,94
2,2,88,94,123
5,5,46,47,37
4,3,77,53,82
2,3,61,91,72
4,5,37,49,56
5,6,34,48,40
3,4,55,74,59
2,2,94,113,108
4,4,45,54,52
1,2,113,133,126
5,5,48,44,44
7,5,34,30,45
3,3,58,69,64
5,3,65,46,81
8,5,34,25,45
2,1,100,91,131
2,3,72,87,81
5,5,45,42,45
1,1,119,145,150
2,2,69,107,87
4,2,99,53,72
3,3,69,80,72
5,4,61,48,60
4,5,35,49,46
2,2,72,94,89
3,3,79,81,83
2,2,75,91,132
1,1,124,140,150
3,3,54,68,64
7,5,34,29,47
4,3,60,51,67
7,5,30,32,59
6,4,47,35,75
5,6,35,42,37
4,6,40,50,35
5,6,36,45,39
5,6,31,40,40
3,2,98,81,117
3,3,67,68,67
4,5,40,58,52
4,4,52,53,51
3,2,78,83,91
6,6,39,40,39
4,3,71,50,69
2,2,83,87,114
3,4,55,67,46
3,3,65,74,69
6,6,38,35,37
3,3,56,70,90
1,2,121,131,124
2,2,91,104,97
2,2,91,104,93
4,4,52,51,52
5,4,44,49,67
5,4,52,47,48
3,3,67,70,67
4,3,54,62,82
4,4,43,52,50
7,6,35,32,39
6,5,39,35,41
3,3,83,74,83
4,4,55,62,58
5,4,43,46,65
2,2,90,115,108
5,5,35,42,47
4,4,56,53,53
2,2,99,91,111
3,2,67,63,109
8,5,41,25,36
2,2,91,114,110
5,5,47,43,44
2,2,67,110,100
3,3,51,74,67
2,1,100,93,136
1,2,110,128,120
5,5,41,41,45
3,3,72,68,80
2,1,127,105,144
4,3,60,51,63
3,4,52,63,59
4,5,48,49,49
8,5,38,27,55
7,5,41,31,35
2,2,81,95,90
1,2,107,128,115
2,2,101,118,108
7,4,42,32,50
4,3,57,56,71
2,2,84,97,93
4,3,64,62,65
5,4,55,47,60
6,4,60,34,55
4,3,64,62,59
4,5,41,55,48
4,5,36,50,50
7,6,31,32,39
4,3,65,61,79
2,2,95,110,99
3,3,67,73,70
5,4,43,44,50
2,1,101,115,134
2,2,101,126,117
2,2,84,100,89
4,4,54,51,51
6,5,34,39,44
6,5,44,36,47
3,2,72,63,98
1,1,120,136,130
7,6,30,33,37
2,2,93,119,110
6,4,50,36,52
3,3,66,82,79
3,2,96,77,98
8,6,30,25,39
7,6,36,33,33
4,4,58,57,55
2,2,90,118,109
1,1,105,145,142
3,3,67,66,64
3,2,112,80,100
8,5,40,27,49
2,2,80,94,87
3,3,79,81,74
2,2,84,112,105
7,6,35,33,40
2,2,98,121,113
3,3,72,63,67
6,4,44,35,59
8,4,49,27,42
1,2,110,138,122
3,4,47,68,58
2,1,123,115,147
2,1,118,109,140
4,3,55,54,66
4,5,35,49,43
2,2,82,95,89
2,2,88,116,106
3,4,55,65,59
6,4,55,38,50
4,4,61,58,61
2,2,108,121,122
3,3,71,78,72
3,2,77,70,105
2,2,106,117,115
3,2,83,78,91
2,2,103,89,120
2,2,76,92,86
3,2,70,72,109
5,5,40,46,42
4,4,56,58,55
2,2,97,111,105
5,6,35,41,36
1,1,117,130,135
5,5,44,45,45
4,5,38,49,51
2,1,99,100,132
4,3,81,61,76
3,3,60,69,65
2,3,62,96,92
4,3,55,50,77
7,6,32,29,42
2,3,71,104,83
4,2,68,60,100
2,2,94,100,118
1,2,105,139,126
3,3,64,77,73
5,4,50,46,53
2,2,104,123,115
4,3,57,51,95
6,5,39,35,43
4,4,50,59,56
2,2,108,125,114
5,4,49,46,46
2,3,82,88,80
3,3,70,70,67
4,3,53,57,65
2,2,94,95,97
6,6,33,36,39
6,6,36,35,32
1,2,102,133,118
4,5,40,49,47
4,5,48,49,48
4,4,53,53,51
4,4,61,61,60
6,4,59,37,49
2,2,86,106,101
4,5,38,56,56
2,2,99,112,106
4,5,42,54,47
5,5,41,44,46
2,2,75,100,90
3,2,115,80,111
7,6,35,33,32
2,2,95,111,105
6,5,37,38,45
7,5,36,29,53
4,2,68,59,135
1,1,116,136,128
3,3,64,67,67
2,2,98,121,111
1,1,126,137,129
4,4,51,60,56
6,4,46,37,71
4,4,54,52,58
3,4,57,66,62
1,1,112,128,138
7,6,38,29,33
6,6,36,38,38
5,5,37,46,49
1,2,115,135,127
2,3,74,99,73
2,3,73,84,73
2,2,86,84,87
2,2,105,100,121
3,3,65,74,68
3,4,44,63,57
1,2,109,128,121
3,3,62,63,62
2,2,87,105,99
2,2,84,91,82
4,4,52,54,53
3,3,69,80,75
2,1,101,118,132
2,2,93,105,95
2,2,92,105,101
4,4,54,54,52
2,2,78,117,97
4,3,73,57,78
2,2,80,96,89
1,1,120,135,151
4,5,48,51,48
5,4,49,44,44
6,6,32,39,49
2,2,94,125,111
3,2,70,82,110
3,3,65,75,73
6,5,38,37,50
2,2,98,113,99
3,4,49,72,73
5,4,49,46,50
2,2,98,122,110
3,3,60,73,71
7,6,39,31,39
4,3,55,51,83
2,2,67,98,93
1,1,115,141,153
4,5,45,49,48
3,4,54,63,58
6,6,39,39,38
5,4,41,41,52
5,5,44,45,44
4,2,68,60,85
1,1,108,140,130
3,4,60,64,60
8,5,39,28,56
5,4,49,49,48
1,1,117,145,151
5,5,42,43,45
5,5,46,45,43
4,5,44,56,46
5,5,46,43,45
3,3,63,78,72
2,2,95,119,112
4,4,53,51,52
3,3,69,68,65
2,2,80,110,124
3,3,60,83,69
4,4,44,56,52
7,5,32,30,57
5,5,46,48,40
6,4,48,36,54
1,2,109,130,119
2,2,87,97,87
4,5,42,52,48
2,2,96,119,113
4,4,51,52,55
8,6,32,25,47
3,4,60,65,60
6,6,38,38,38
2,1,112,113,129
3,2,88,66,103
5,5,43,41,40
2,1,101,90,134
3,2,109,78,99
3,4,57,67,59
2,2,104,127,118
6,5,42,37,38
3,3,69,75,71
2,2,101,119,114
2,2,87,86,116
2,2,89,95,86
3,2,96,80,103
5,4,47,45,61
4,4,52,49,43
1,1,115,138,148
7,6,29,31,35
2,2,85,97,91
6,5,40,37,42
4,2,66,59,94
3,3,56,71,68
1,1,114,128,128
2,2,91,109,103
2,3,76,87,82
3,3,58,77,72
5,3,69,43,80
2,2,104,120,112
4,4,46,61,55
3,3,69,79,74
5,5,41,42,42
3,4,46,64,64
2,2,93,101,100
4,4,54,51,56
2,2,81,107,101
2,1,115,120,128
6,6,38,36,38
6,5,42,40,42
6,6,36,34,38
6,6,39,38,40
6,6,36,37,38
2,2,105,123,114
5,4,50,43,52
2,2,79,94,85
3,3,71,76,73
3,4,56,63,60
3,3,60,71,66
2,2,88,114,106
6,6,31,36,41
7,5,36,30,56
3,3,73,79,74
2,2,94,120,114
1,1,99,133,137
5,5,44,46,45
3,3,73,80,76
7,4,37,33,64
3,2,78,82,134
5,5,47,46,44
4,4,55,54,55
4,4,42,57,58
1,1,124,135,139
2,2,107,122,116
4,4,50,51,50
4,5,46,53,49
5,4,46,45,64
1,2,99,129,123
1,2,107,128,118
2,2,88,96,98
8,4,42,28,59
8,6,26,27,43
8,5,35,26,51
2,2,100,118,110
4,2,97,50,71
4,4,53,50,53
3,3,62,63,67
5,4,40,41,51
6,5,34,35,48
2,2,83,101,95
3,3,68,67,65
3,3,78,80,75
5,4,50,44,44
2,3,63,94,75
7,5,40,33,39
3,3,79,82,75
6,5,40,40,39
7,6,32,33,36
5,5,46,41,41
2,3,79,95,81
2,2,63,98,87
4,5,42,59,48
2,2,96,90,111
2,2,81,98,91
2,2,98,116,107
5,5,43,41,45
5,6,41,41,34
4,4,49,53,52
2,3,74,86,79
4,4,54,52,52
3,3,74,81,75
4,3,58,55,66
7,6,29,30,40
3,3,74,72,76
2,2,100,114,118
1,1,97,144,145
6,4,50,34,61
6,6,37,37,36
5,5,48,48,46
5,5,47,49,48
3,2,73,67,137
2,2,107,121,117
4,3,61,54,67
5,5,38,48,46
5,5,48,47,47
6,6,34,38,37
3,2,80,65,102
7,5,44,32,43
7,6,31,33,35
5,6,38,42,38
3,2,71,66,98
3,2,84,71,108
7,4,56,33,54
6,6,31,35,34
7,5,47,32,41
1,1,95,135,137
5,5,38,48,61
1,2,108,135,121
1,1,124,141,133
5,3,58,44,84
5,5,47,44,45
6,6,32,38,36
7,6,33,29,47
7,6,37,33,33
5,6,36,45,38
4,5,39,54,55
5,6,34,44,35
2,2,108,98,127
2,2,73,100,87
6,5,39,36,44
3,3,65,71,72
2,1,114,112,146
6,3,67,36,73
2,2,77,91,86
4,4,55,54,52
5,4,48,43,50
2,2,88,108,118
6,6,33,40,45
4,4,55,56,54
5,6,36,46,39
4,3,58,51,68
7,5,37,31,47
7,5,36,29,50
4,2,65,60,97
4,4,60,57,58
4,2,91,52,76
2,3,80,89,84
4,3,58,57,83
3,3,53,69,81
6,3,53,37,69
6,5,36,39,44
3,3,66,70,66
2,2,99,114,104
5,6,32,41,37
4,4,44,61,70
4,4,44,59,55
3,3,66,63,67
3,3,63,72,56
2,2,98,108,124
6,6,32,37,40
3,3,55,65,64
3,3,65,72,67
3,3,52,81,78
5,6,32,40,39
8,6,32,27,35
2,2,76,95,96
3,3,69,65,69
4,5,38,49,42
3,3,71,78,71
4,4,48,59,59
5,4,51,48,58
6,4,54,34,53
2,1,114,123,132
3,2,83,81,93
4,4,50,51,43
4,3,46,53,98
4,3,71,62,68
3,3,73,82,76
3,2,99,82,112
6,5,40,36,45
2,1,105,113,147
2,2,119,127,122
6,6,32,38,38
4,3,55,52,70
6,6,33,37,35
5,5,44,42,36
5,4,41,43,62
7,6,29,31,38
4,4,58,59,58
5,3,61,45,85
5,5,34,44,50
3,4,58,65,62
2,2,90,117,106
1,1,128,144,147
2,2,83,93,90
4,4,47,55,52
3,3,63,70,66
3,2,74,70,111
3,2,84,83,115
2,2,74,88,86
2,2,104,94,121
4,2,73,58,99
4,3,66,59,63
2,2,72,103,108
4,5,38,56,55
3,3,52,64,64
2,2,99,98,104
4,5,43,58,46
1,2,114,129,127
6,6,34,39,38
3,2,112,79,104
5,6,35,44,37
6,4,46,39,51
6,3,52,37,86
2,2,99,123,116
5,4,40,41,58
2,2,89,117,104
4,3,56,49,68
5,5,46,46,46
3,3,55,65,65
5,4,42,42,56
2,1,96,120,128
2,2,107,106,126
2,2,98,111,99
6,6,32,34,35
6,5,40,37,40
2,2,117,89,121
4,4,52,57,54
2,2,76,97,90
7,6,32,33,40
2,2,99,120,114
4,4,45,54,51
6,5,46,36,49
4,4,44,52,55
3,4,46,70,68
2,2,94,102,100
5,6,34,48,44
6,3,54,34,71
2,2,79,108,99
2,2,97,118,111
1,2,108,128,116
8,6,34,28,31
2,3,58,90,83
3,3,53,79,69
1,1,113,142,147
6,6,31,35,43
4,4,45,54,53
7,6,33,30,41
2,2,98,120,113
3,2,76,66,100
1,1,119,135,136
2,3,55,87,82
6,5,42,40,44
8,6,30,28,38
5,6,39,43,36
7,6,34,32,36
4,3,62,62,59
4,5,45,58,49
1,1,116,144,150
2,2,88,105,98
5,5,48,48,47
5,6,36,40,36
3,3,65,78,73
2,2,91,119,109
2,2,73,94,88
6,5,41,36,45
2,2,95,124,114
5,5,44,45,42
3,2,80,68,99
6,5,43,39,39
1,2,114,133,127
3,2,92,63,77
8,5,30,26,50
6,5,34,38,50
5,3,58,45,94
1,1,127,150,151
2,1,96,97,128
5,5,42,43,40
4,3,59,50,77
7,5,41,29,49
7,6,29,33,37
1,1,125,142,134
6,6,35,37,37
7,5,42,33,45
5,4,51,47,51
3,4,62,64,61
3,4,48,67,64
5,5,35,43,41
5,5,37,42,41
5,4,56,46,62
4,5,47,50,48
6,6,35,34,34
4,3,59,56,80
3,3,70,65,75
3,4,49,76,66
7,5,45,30,41
2,2,92,106,100
2,2,88,111,101
8,5,39,28,48
5,6,40,43,39
2,2,91,117,101
2,2,99,124,116
3,3,72,63,68
1,1,105,138,128
2,2,83,97,91
8,5,31,28,59
3,3,68,68,68
8,6,31,25,45
5,3,57,47,77
5,4,51,47,50
4,5,49,54,41
4,4,53,59,56
2,2,104,111,105
3,2,80,81,84
6,6,36,35,37
2,3,76,85,81
2,2,81,93,89
6,6,38,35,40
1,1,104,141,146
5,5,37,41,44
1,2,109,135,122
6,6,37,35,39
4,4,54,58,56
7,6,29,31,40
4,4,48,55,55
3,2,82,83,86
5,5,48,46,45
3,3,52,71,66
6,6,34,36,30
4,4,47,52,61
2,2,100,114,109
2,2,95,119,103
1,1,115,133,153
4,5,37,50,43
2,2,96,110,107
4,4,53,49,55
2,2,89,112,103
3,4,54,68,53
8,6,32,27,34
1,1,124,136,138
6,5,42,37,45
4,4,51,52,41
7,6,35,32,35
7,5,36,33,45
2,2,91,96,117
3,3,71,80,76
3,3,59,81,66
3,3,52,82,69
2,2,95,114,99
5,4,52,49,51
2,1,114,108,135
4,3,64,57,63
1,1,113,149,139
2,3,70,84,78
4,4,55,51,54
2,2,101,117,109
3,4,56,69,62
2,2,85,87,90
2,3,62,98,87
4,5,41,55,45
6,6,36,36,36
2,2,68,107,111
3,2,67,65,84
2,1,106,121,147
7,5,40,32,44
6,4,47,40,52
2,2,93,125,109
5,6,35,40,37
1,2,115,133,127
5,6,30,43,42
4,4,50,57,53
2,2,77,121,127
2,2,84,100,93
7,6,36,29,34
5,3,52,46,69
3,3,61,75,73
3,4,54,64,59
6,6,33,35,38
1,2,105,130,121
7,4,39,32,73
2,2,101,127,118
1,2,97,144,124
4,5,35,50,51
4,4,47,53,50
7,5,39,29,56
6,5,37,38,52
1,2,106,139,126
2,3,81,84,77
3,3,73,65,83
8,6,30,28,40
2,2,95,109,101
2,2,101,126,109
2,2,105,121,116
5,4,40,43,61
7,6,29,32,34
3,3,59,71,86
1,1,117,139,137
2,2,88,100,97
5,5,41,43,42
2,3,71,86,80
5,6,34,43,38
4,4,61,59,57
2,2,91,99,89
2,2,73,93,95
3,4,49,69,60
2,2,78,99,95
3,3,64,80,77
3,3,69,74,71
5,5,44,46,44
2,2,106,127,119
1,2,116,133,126
3,3,77,83,77
3,3,61,65,68
2,2,102,113,108
2,3,81,86,80
3,3,77,83,78
5,4,50,41,48
5,4,50,46,46
2,2,110,103,113
2,2,65,97,92
6,6,31,39,38
3,3,65,76,71
7,4,43,33,51
7,4,42,30,60
3,3,67,75,68
6,5,39,36,45
3,2,108,68,99
5,3,87,42,58
5,4,53,49,60
4,4,50,51,52
5,5,38,46,50
7,6,36,33,37
5,5,36,48,42
2,2,97,120,114
3,3,53,69,73
3,4,47,65,61
1,1,116,141,150
6,6,36,35,34
8,5,39,25,47
5,5,44,47,36
8,5,48,26,40
3,4,60,65,61
4,3,66,58,64
8,6,36,27,40
7,5,39,29,61
3,4,47,73,73
5,2,69,45,85
2,3,67,85,59
5,5,45,41,44
5,5,41,47,46
2,2,96,116,111
2,2,98,117,114
3,3,72,74,75
4,4,49,60,50
2,3,69,85,79
4,5,40,54,41
2,3,69,87,82
2,2,113,116,118
3,2,89,70,86
5,4,53,44,59
1,1,115,128,131
2,2,72,94,92
2,2,112,123,122
2,3,74,88,81
8,5,31,28,58
1,2,119,139,124
2,2,97,110,99
8,5,55,28,35
1,2,111,128,120
1,1,111,128,147
2,2,83,110,116
4,3,59,62,68
2,1,123,111,135
5,5,47,44,47
5,6,36,45,36
2,2,92,101,91
1,2,106,135,126
3,3,57,69,64
3,3,74,79,76
3,3,61,74,69
8,5,34,28,45
2,2,109,124,118
2,2,102,84,101
6,6,32,38,37
4,5,45,50,48
2,2,98,113,109
4,5,42,49,48
5,5,42,44,48
2,1,119,112,149
3,2,73,70,96
6,3,55,36,82
2,1,115,123,135
2,2,81,90,85
4,4,61,50,57
1,1,121,140,132
6,5,34,39,49
5,5,45,42,43
5,3,70,45,62
2,2,95,109,104
2,2,105,121,114
4,4,52,62,59
6,4,40,38,52
4,2,71,62,85
4,4,52,59,57
3,3,66,68,63
4,3,62,52,67
2,2,83,99,92
6,4,44,37,72
4,4,53,50,52
4,5,37,56,52
2,3,73,87,81
5,5,40,42,49
7,6,34,32,31
1,1,97,145,137
4,5,35,50,47
6,5,41,38,37
1,2,117,133,124
3,3,74,72,77
2,2,111,123,120
3,4,49,67,50
4,4,50,55,53
8,6,33,28,48
3,4,60,66,62
2,2,92,118,106
3,3,65,64,63
2,2,107,120,114
3,3,50,75,78
6,3,57,40,73
6,5,43,37,41
6,6,31,38,38
5,5,47,48,46
6,4,45,34,53
2,2,75,92,89
4,2,68,51,126
5,4,58,47,62
6,4,47,34,61
4,2,64,55,84
1,1,109,146,133
3,3,66,75,70
6,6,29,36,35
2,2,79,87,85
2,2,99,126,116
6,4,43,36,51
3,2,91,72,127
4,4,59,62,59
5,5,42,41,39
2,2,73,92,87
6,6,37,39,39
4,5,43,58,49
2,2,88,96,115
5,5,45,42,46
3,3,67,78,76
6,5,40,34,40
4,4,50,53,52
4,4,56,60,55
5,3,79,49,70
2,2,96,114,100
3,4,42,65,62
5,2,63,44,84
2,2,86,90,91
4,5,41,51,48
1,1,116,139,132
6,6,36,39,37
6,6,31,37,38
7,4,46,33,51
4,4,50,54,52
6,6,32,36,45
7,5,55,31,39
5,5,37,43,50
2,2,89,116,108
4,5,44,52,49
2,2,82,96,91
4,4,45,53,50
3,4,46,67,59
5,6,30,40,38
3,3,73,74,71
3,2,88,68,96
5,4,47,43,65
3,3,52,80,65
2,2,88,89,111
3,4,62,75,49
3,3,74,75,71
5,6,34,47,43
3,3,73,65,69
8,6,31,26,36
7,6,33,33,39
4,4,51,51,48
2,3,57,93,88
6,4,43,34,50
3,3,58,82,75
4,4,56,57,60
4,4,47,56,54
4,3,58,51,83
2,3,54,87,83
3,3,77,80,73
6,3,48,40,91
4,4,43,51,50
6,5,36,37,51
4,2,69,54,93
5,4,50,48,47
3,3,76,82,78
6,6,40,38,30
8,5,33,26,55
6,4,45,35,51
2,2,107,123,115
6,5,40,37,38
6,6,38,39,38
2,3,81,86,78
5,3,70,42,58
7,6,37,31,40
2,1,124,124,145
5,6,35,44,34
6,6,31,37,36
7,5,39,32,41
5,4,42,46,66
7,6,37,29,36
4,4,58,60,56
2,2,79,104,96
6,6,33,38,35
2,1,114,115,132
2,2,93,91,96
2,2,98,117,109
2,1,112,125,137
2,2,104,125,111
4,5,42,55,47
3,3,68,71,69
8,5,30,28,58
5,5,44,42,48
5,5,39,45,55
2,1,100,111,132
8,5,35,26,54
7,5,42,32,42
3,4,54,71,53
2,2,92,100,100
2,2,94,118,106
2,2,96,109,106
4,3,63,61,61
5,5,45,46,43
3,3,69,70,70
5,5,37,42,47
1,1,118,141,143
2,2,91,103,98
7,6,31,33,36
2,3,71,85,79
6,4,39,37,80
5,5,47,43,48
2,3,69,85,80
3,3,73,83,79
4,4,57,60,59
6,6,31,39,48
2,2,92,106,98
1,1,127,129,152
2,3,59,84,84
6,5,46,37,48
3,3,54,74,67
8,5,37,26,46
6,5,35,35,42
6,5,41,40,48
2,2,84,101,97
5,3,58,45,78
3,3,71,68,72
4,4,60,59,61
5,3,53,44,78
4,5,37,49,52
5,5,39,41,43
3,3,76,82,74
3,4,47,74,65
3,3,65,75,69
4,5,37,54,43
4,4,51,53,50
2,2,105,125,122
2,3,71,99,84
5,6,33,40,41
2,2,83,88,87
5,3,72,44,69
6,3,59,40,74
1,2,110,128,119
4,4,59,56,60
4,4,57,54,55
3,3,54,79,64
6,5,34,36,41
1,2,108,133,120
6,5,43,38,47
2,2,81,87,85
4,2,102,62,90
2,2,78,95,91
4,5,47,54,42
4,4,45,53,67
7,5,36,30,47
2,2,100,120,111
4,5,39,52,42
5,5,42,48,47
2,2,86,92,84
4,4,55,57,55
5,2,77,42,94
4,2,70,53,95
4,4,61,59,58
5,5,38,42,42
5,4,41,44,52
5,4,48,46,60
5,5,37,44,52
2,2,88,109,101
4,5,45,51,48
5,4,49,45,47
2,2,94,117,110
4,4,57,58,56
4,5,35,52,49
1,2,116,129,122
3,3,64,78,74
5,3,65,41,64
3,3,58,68,64
3,3,59,79,69
3,3,66,65,67
2,2,91,90,105
4,2,71,62,84
2,2,96,125,116
2,2,80,92,133
4,4,60,59,56
4,3,79,55,82
2,3,75,90,83
2,1,103,99,129
2,2,87,110,100
8,6,37,27,40
6,5,37,39,42
2,1,127,117,137
7,4,40,33,76
4,4,51,54,50
2,2,98,117,107
2,2,104,105,111
2,2,98,101,104
5,3,64,44,60
2,2,85,109,99
5,3,71,44,63
1,1,123,137,142
4,3,58,52,67
3,1,121,74,130
4,4,47,49,51
4,4,42,50,51
2,3,76,89,83
6,5,37,35,46
6,4,50,36,49
3,2,64,65,99
6,6,29,37,38
5,5,37,45,42
6,5,44,39,41
3,3,67,81,79
2,2,85,88,91
2,2,92,106,93
2,1,119,121,140
8,5,33,25,50
2,2,99,106,123
3,3,53,68,71
6,3,50,40,72
6,4,50,34,49
4,2,74,62,101
5,3,74,41,61
2,1,115,104,136
2,2,88,110,105
2,1,124,109,144
4,4,56,55,53
2,2,92,97,97
6,6,36,36,35
5,5,38,46,44
7,6,32,30,44
2,2,122,96,118
3,4,42,62,58
4,6,40,49,35
4,4,50,54,50
6,4,40,38,64
3,4,57,64,60
1,2,112,133,125
5,6,38,47,34
8,6,37,28,39
3,3,62,76,71
4,5,43,49,40
6,6,36,34,33
3,3,55,64,75
2,1,96,124,148
8,6,31,28,34
7,6,34,33,33
4,6,40,52,39
4,3,68,60,74
2,2,83,101,94
2,2,108,120,117
7,4,44,33,60
2,2,112,98,127
7,5,37,33,44
4,3,58,60,64
3,3,57,76,93
4,4,58,60,58
6,6,36,34,37
6,6,30,37,35
4,4,53,51,50
1,2,99,129,122
1,2,100,138,105
3,3,51,71,64
2,2,97,100,102
6,5,38,36,41
4,4,48,52,50
7,5,39,33,56
5,6,38,46,36
2,2,91,118,109
3,2,88,77,88
2,2,86,105,96
4,3,60,54,78
6,5,38,39,41
5,2,85,48,75
6,4,60,39,52
6,6,42,35,26
5,2,74,46,85
3,4,55,63,60
4,5,45,54,40
5,4,50,45,53
2,2,110,116,120
4,5,39,59,52
8,5,37,27,46
3,3,65,67,66
4,6,34,50,49
2,2,107,122,115
3,3,67,82,80
2,2,89,100,96
4,4,57,51,50
6,4,50,34,48
6,5,40,40,41
3,4,51,64,62
2,3,66,90,69
2,2,80,97,91
7,6,31,33,39
7,6,37,33,37
1,2,98,130,118
2,2,78,93,87
7,5,37,31,55
4,4,46,52,50
8,6,24,25,41
6,6,34,40,40
2,1,128,105,125
3,3,71,73,68
3,3,79,80,74
5,4,51,47,47
4,4,50,50,51
2,2,97,91,108
6,4,50,35,43
4,5,36,49,43
3,3,70,76,70
1,2,124,128,123
1,2,93,142,120
8,6,30,25,34
1,1,115,134,129
1,1,115,148,152
2,2,90,116,103
8,5,34,28,43
2,2,87,104,100
3,3,75,79,74
5,4,51,48,54
5,5,40,42,43
5,4,44,43,55
3,3,70,73,73
8,6,32,25,41
5,5,38,43,42
6,5,42,38,40
1,2,107,132,118
2,2,112,122,122
2,2,70,91,86
1,2,113,129,123
3,3,68,83,81
3,3,72,83,77
2,2,103,126,115
2,2,87,116,108
3,4,47,65,54
5,6,34,41,37
5,6,33,41,44
3,3,68,69,66
3,2,73,65,101
3,3,71,81,79
3,3,61,77,73
6,6,37,35,35
8,6,32,27,42
2,2,102,110,105
2,1,114,125,130
2,2,109,126,119
2,3,60,94,79
6,3,49,38,70
3,4,47,69,71
6,3,68,35,56
5,5,38,45,45
8,5,37,25,48
3,4,43,65,67
4,3,66,58,63
3,3,62,69,64
6,6,34,39,37
1,1,107,140,130
3,3,63,68,64
3,3,53,64,63
2,2,84,87,88
4,4,50,54,53
8,6,44,26,30
3,2,106,72,106
3,3,64,82,67
3,2,65,68,106
2,2,85,101,94
6,6,37,37,40
2,2,116,94,118
2,2,97,125,115
2,2,79,116,102
2,2,73,87,85
4,4,44,53,51
4,4,52,50,50
6,6,30,35,35
2,2,97,120,116
4,4,43,59,60
8,6,32,27,49
7,4,44,31,60
3,2,102,66,114
3,3,56,67,66
1,2,106,135,118
6,6,36,38,37
6,5,41,40,39
2,2,90,109,106
3,3,67,79,77
4,4,53,62,60
2,2,78,94,91
8,6,29,25,38
6,5,37,39,47
3,4,49,72,69
5,5,47,48,48
4,3,63,60,60
6,6,36,40,39
4,3,63,62,59
3,2,89,76,95
8,6,32,27,39
4,4,51,61,58
8,6,28,26,49
2,2,98,113,105
4,4,58,58,62
7,4,43,32,66
4,4,60,57,59
2,2,96,109,105
3,4,47,66,62
4,3,70,59,73
4,5,40,54,54
5,6,32,40,40
6,5,40,38,38
4,4,57,62,58
7,6,34,31,36
5,5,43,45,47
5,4,49,47,52
1,1,118,139,145
4,5,37,54,44
5,5,40,44,43
3,3,70,70,76
3,3,78,77,79
2,1,107,116,129
6,6,37,36,36
6,6,31,39,36
5,5,37,44,47
1,1,127,146,137
8,5,40,27,48
5,5,39,44,44
3,3,59,75,72
4,3,60,49,85
3,3,70,75,72
2,1,124,111,139
7,6,33,29,41
5,5,46,47,46
4,3,52,59,73
2,2,85,111,105
2,2,85,103,95
2,2,109,127,119
1,1,123,150,142
4,4,60,58,59
6,4,47,39,66
4,4,60,58,61
6,4,44,38,58
2,2,100,124,116
2,1,122,114,137
2,2,83,123,109
3,2,97,76,101
3,3,68,81,80
3,4,51,63,60
8,5,45,27,44
5,4,50,47,47
3,2,110,76,98
6,5,39,38,42
7,6,29,29,35
4,4,49,52,54
5,5,42,46,46
1,1,129,131,145
3,3,64,78,76
7,6,36,33,40
2,3,58,94,76
6,6,30,34,37
2,2,102,125,114
4,4,58,56,55
4,4,52,60,55
2,3,81,87,79
4,4,50,56,54
2,2,98,120,109
3,3,59,81,73
6,6,36,38,30
7,6,32,30,34
3,3,71,77,73
5,5,39,41,41
6,5,38,38,41
2,1,128,124,144
6,6,35,38,37
2,2,109,118,124
4,5,39,59,53
8,6,30,25,40
7,5,37,31,42
2,1,107,114,146
2,2,99,103,104
2,2,110,100,122
6,6,35,35,36
2,2,101,112,127
6,5,47,39,44
5,5,34,43,51
1,2,110,129,119
6,5,43,38,48
1,2,103,138,125
3,2,77,74,98
3,3,53,69,88
2,2,83,100,112
2,2,75,86,111
3,3,54,66,63
7,6,33,29,34
1,1,125,136,147
4,2,75,54,99
2,2,99,111,107
2,2,105,122,110
3,3,69,70,67
4,4,55,59,56
2,2,73,99,91
1,1,120,142,144
6,5,41,34,49
1,1,129,141,133
3,2,76,77,106
5,3,71,43,71
2,1,96,108,141
2,2,94,118,110
7,5,29,30,58
5,4,41,46,55
2,2,82,106,101
3,3,72,70,79
2,2,106,91,126
5,3,60,43,67
3,3,70,67,69
4,4,41,58,54
2,2,81,102,96
5,3,58,44,75
3,3,69,72,71
2,1,122,122,148
2,2,86,97,92
2,2,105,98,120
7,5,29,32,61
1,2,104,139,116
7,4,46,31,51
6,6,39,40,40
5,5,44,44,47
3,4,45,70,67
3,3,72,82,76
2,2,82,94,88
7,4,54,32,55
5,5,47,47,46
3,2,96,71,108
3,4,56,68,46
4,4,46,54,71
7,5,35,30,50
2,2,97,96,103
6,6,31,34,34
4,4,53,51,53
2,2,85,94,91
6,6,36,34,34
7,4,51,33,46
3,3,64,74,68
8,6,32,27,47
2,2,86,105,101
2,2,94,104,101
3,3,72,71,64
4,4,60,54,58
8,5,42,28,49
4,5,35,49,45
8,5,35,25,46
5,3,58,46,74
4,3,62,61,58
7,6,37,29,34
3,4,44,63,58
3,3,69,69,68
4,4,51,53,51
5,4,43,42,51
1,1,124,146,144
2,2,87,100,95
2,2,75,95,88
4,2,73,57,104
3,2,82,79,112
5,3,62,42,71
6,6,35,34,37
1,1,118,132,128
2,2,104,123,113
5,5,43,42,47
8,6,27,25,46
4,4,60,59,60
4,3,67,61,67
2,2,100,120,109
6,5,41,38,38
4,4,49,51,51
2,2,67,99,85
2,2,100,118,112
2,3,53,84,78
2,2,92,111,103
6,5,39,38,41
2,2,92,104,103
3,3,65,72,69
5,5,38,46,49
7,4,45,32,67
1,2,105,139,127
3,4,62,68,42
7,5,32,32,59
6,6,37,38,36
4,4,54,52,54
6,6,36,38,36
7,6,34,33,40
2,2,111,124,119
8,5,40,27,43
5,4,49,44,46
3,3,51,65,71
2,2,86,104,95
2,2,89,110,100
4,4,56,53,54
8,5,30,28,51
3,2,81,73,97
2,3,83,89,82
2,2,90,101,122
2,2,101,118,110
4,2,84,52,78
8,6,32,26,41
6,5,47,36,45
7,5,35,31,42
2,3,79,84,76
2,2,85,86,89
4,4,49,51,50
5,5,47,45,46
6,5,41,40,40
1,2,109,136,123
3,2,69,68,95
5,3,52,44,110
3,3,53,78,71
8,5,36,28,41
1,2,120,134,120
6,3,51,35,75
5,5,35,41,41
3,2,83,71,143
6,4,65,34,46
3,3,52,65,70
2,2,108,116,117
7,6,35,31,40
2,2,93,91,95
2,2,91,112,104
6,6,30,34,40
4,4,51,56,54
6,4,52,38,53
4,4,54,60,57
3,3,68,68,70
4,4,51,56,56
1,2,110,132,123
8,6,31,28,38
6,6,34,34,34
5,5,35,47,44
3,2,69,63,132
3,3,68,70,68
2,3,73,102,78
4,3,61,52,64
4,5,40,51,48
4,4,60,56,59
2,2,95,107,102
5,6,35,41,34
1,1,117,143,130
4,3,78,50,79
2,2,85,115,106
2,2,111,125,120
2,1,116,126,135
6,6,32,38,48
1,1,125,143,139
3,3,59,70,66
4,4,46,52,53
6,6,32,35,34
2,2,78,94,87
2,3,62,103,91
6,6,29,35,37
4,4,59,57,58
2,2,86,100,93
6,6,38,38,37
2,2,82,106,99
5,6,34,42,40
2,3,79,84,78
3,3,57,68,63
5,5,44,43,35
6,5,34,35,44
5,5,44,44,44
2,2,89,115,108
5,6,35,46,40
5,5,43,44,45
2,1,108,125,142
6,6,38,36,36
3,3,68,82,64
2,3,82,86,78
2,2,88,111,105
5,5,36,46,42
6,6,34,34,36
2,3,73,91,81
4,3,72,52,81
4,4,61,58,57
5,6,37,45,39
4,3,60,55,120
4,4,47,54,52
2,1,85,86,129
7,5,34,30,58
1,2,113,133,125
5,5,45,47,49
4,4,56,54,55
8,5,31,25,59
5,3,62,44,82
6,6,32,36,34
3,3,73,63,71
5,3,46,42,98
3,1,112,73,130
2,2,104,119,118
4,3,67,60,75
5,5,43,48,46
3,2,71,63,104
5,3,51,44,89
6,6,32,39,37
7,5,41,31,41
3,3,66,65,63
2,2,73,116,102
2,2,88,95,96
6,3,71,40,81
2,2,110,87,109
4,4,54,53,50
2,3,61,85,71
2,3,60,84,69
3,3,75,78,78
6,4,36,34,71
5,5,45,46,45
8,4,44,28,52
5,3,50,43,68
3,3,73,77,72
5,4,50,48,58
2,2,110,125,123
3,3,72,72,77
5,5,48,44,46
1,2,99,133,108
2,1,113,107,148
2,2,104,114,108
2,2,92,103,99
2,2,91,113,109
2,2,92,116,108
3,2,93,75,120
3,3,52,80,69
4,4,60,59,57
2,2,104,125,117
5,4,46,41,52
6,4,44,36,57
4,3,53,60,88
2,2,94,114,104
8,4,42,27,50
5,4,43,43,51
2,2,100,124,114
2,2,91,116,108
2,1,118,124,138
2,2,103,127,116
4,2,73,52,98
1,1,118,149,142
1,2,112,135,127
2,2,97,117,112
2,3,72,93,84
2,1,110,110,135
4,2,71,59,89
3,4,53,64,61
5,4,46,46,52
3,3,54,73,71
2,2,97,120,112
3,4,49,71,66
1,1,110,135,143
1,2,104,130,121
2,2,83,97,93
6,5,40,37,36
2,2,88,102,95
2,1,127,113,139
1,2,110,138,125
2,1,103,116,128
3,2,76,65,85
5,6,39,41,40
5,6,36,41,37
6,4,45,37,74
3,3,66,76,70
2,2,113,126,118
3,4,54,63,60
2,2,104,126,116
2,2,98,115,108
1,1,122,134,149
4,4,43,51,53
2,1,123,107,129
2,2,80,102,97
6,5,36,40,44
2,2,101,109,123
4,4,53,55,58
7,6,39,31,35
5,5,47,43,45
3,2,85,66,78
7,5,36,31,42
3,3,59,70,65
2,3,72,89,66
5,4,54,49,49
3,3,68,71,67
5,5,34,44,48
4,4,45,51,50
5,5,45,42,42
3,4,55,76,56
6,4,48,35,63
4,5,44,49,49
2,2,101,114,109
3,3,71,82,76
7,6,34,32,35
2,2,97,111,106
6,5,40,39,42
6,6,32,40,40
5,6,32,41,39
2,2,95,124,115
4,4,49,54,55
3,3,71,74,71
4,4,55,53,53
4,4,54,57,55
7,6,33,29,48
1,1,122,140,140
7,6,34,33,38
1,1,117,129,134
3,3,78,78,82
4,5,56,52,35
1,1,125,141,133
2,2,79,100,94
2,2,68,102,88
2,2,86,96,92
2,2,100,124,112
6,6,39,36,39
3,3,73,79,75
2,2,103,111,109
5,3,45,43,97
4,4,47,49,50
4,3,56,60,63
1,2,113,134,125
4,6,37,51,39
7,6,35,30,38
4,3,64,60,73
2,2,63,104,92
7,6,33,30,38
6,6,35,40,40
5,4,48,45,55
3,1,116,79,152
3,2,71,64,133
2,2,88,99,88
2,3,62,97,78
5,3,70,47,79
2,2,101,117,104
5,6,39,45,36
4,4,52,62,61
6,5,44,39,40
3,4,49,66,53
6,4,42,37,68
3,2,89,73,100
1,1,125,144,153
5,4,54,49,54
2,2,93,117,107
2,3,61,92,78
2,2,95,104,103
1,2,109,134,122
2,3,77,85,79
3,3,62,74,72
3,2,69,64,88
4,4,42,54,51
3,2,62,72,90
7,4,46,32,76
3,2,94,77,117
2,2,101,119,113
1,2,119,132,123
4,5,40,57,56
4,5,39,56,50
1,2,100,131,124
3,3,75,78,74
5,4,51,42,60
2,2,84,105,100
2,2,66,105,98
4,4,43,61,61
6,5,45,38,48
5,5,44,47,49
1,1,125,149,149
3,4,61,72,46
1,2,100,129,115
5,5,39,46,56
1,1,87,140,133
3,2,76,72,100
2,2,97,121,113
5,6,32,42,40
3,3,58,77,63
2,2,78,92,86
2,1,118,123,153
2,2,79,109,122
3,3,70,80,75
7,6,40,33,33
2,2,96,85,125
3,3,76,81,75
6,3,51,37,71
4,4,48,58,56
4,4,44,50,60
2,2,86,111,103
5,5,45,42,41
5,5,44,47,45
3,3,66,83,67
3,4,48,69,66
8,4,41,27,56
2,2,98,109,105
2,1,91,96,135
6,6,39,39,40
7,5,44,32,40
4,3,54,52,76
1,1,115,131,129
1,2,103,131,120
2,2,95,113,108
3,4,56,64,61
8,5,36,27,42
5,4,46,44,52
4,3,62,62,62
2,2,85,96,91
6,6,31,34,35
4,5,40,52,50
1,1,129,148,150
2,2,91,120,126
2,3,60,98,84
3,2,75,74,87
6,6,34,39,35
3,3,73,80,74
2,2,107,119,118
2,3,76,88,83
1,2,81,140,124
3,3,52,78,82
7,5,44,30,49
1,1,119,133,136
5,5,45,45,46
3,3,82,78,82
4,4,51,52,51
5,4,50,47,49
8,5,39,27,46
7,4,48,32,70
4,4,56,57,53
6,5,34,40,42
3,3,75,77,73
3,4,58,65,61
3,4,45,72,67
5,6,33,41,35
2,2,97,98,118
6,6,32,34,37
4,4,58,59,57
3,2,97,82,108
5,3,56,48,65
2,2,100,118,111
4,4,47,55,55
3,3,65,64,66
3,3,71,73,73
2,2,84,91,83
2,2,96,108,106
5,4,51,46,49
4,3,66,60,71
3,2,82,70,107
1,2,103,133,121
1,2,106,129,121
4,5,36,49,49
4,4,56,59,62
5,4,42,43,57
4,4,46,52,52
5,2,64,48,97
6,6,38,37,31
5,6,34,43,36
5,4,47,45,50
7,6,32,31,37
2,3,64,95,81
1,2,101,134,104
6,3,61,35,84
2,2,112,126,122
5,4,53,41,61
6,6,32,38,43
6,5,45,37,45
3,3,63,82,76
6,3,44,39,95
5,4,53,45,54
4,3,56,53,65
5,3,63,42,61
2,3,65,85,78
2,2,96,116,105
2,2,98,99,122
4,4,49,50,49
1,2,112,135,125
5,5,41,45,45
2,2,76,111,88
4,4,49,53,48
2,2,77,98,93
2,2,97,114,105
3,2,89,63,90
5,3,59,43,79
2,2,93,118,109
3,3,69,78,73
3,3,68,80,75
4,2,87,54,92
2,1,95,120,131
2,2,98,112,106
1,1,121,146,150
2,2,99,122,126
1,2,81,134,123
5,6,34,45,43
2,3,82,87,79
5,5,36,48,49
6,3,53,39,73
5,5,43,46,48
3,3,70,64,68
3,3,65,64,61
6,6,33,39,38
2,2,97,116,108
4,4,45,52,64
5,6,37,48,38
5,5,39,44,43
5,4,51,43,57
4,4,52,56,54
4,5,39,49,45
6,5,43,40,43
3,3,75,81,78
8,6,25,27,46
3,3,74,71,74
2,2,89,119,109
3,3,67,74,71
2,2,84,100,97
5,6,36,42,39
2,2,94,110,104
3,2,86,72,110
4,2,63,53,85
2,2,103,121,114
3,3,73,78,72
2,1,112,97,133
5,5,36,44,53
2,2,92,119,111
4,3,61,59,94
3,4,62,71,48
3,3,50,63,66
3,4,59,66,62
2,2,81,95,89
6,6,34,34,33
2,3,77,91,76
8,5,45,27,40
5,3,56,41,79
7,5,43,29,49
2,2,98,124,116
6,5,43,39,43
2,2,68,110,103
5,6,34,41,40
4,3,51,53,69
4,2,75,54,93
3,4,46,64,50
3,3,59,71,69
1,2,86,137,107
3,4,44,68,62
2,3,58,85,87
2,2,104,89,115
4,4,51,62,56
8,6,30,25,43
6,6,37,37,37
2,2,98,121,114
5,5,47,44,46
4,4,53,61,61
8,6,34,25,37
2,2,92,106,106
2,2,96,110,106
6,5,34,35,43
4,4,58,56,54
8,6,26,26,41
3,3,65,78,72
4,4,59,54,58
3,3,66,83,78
3,3,63,72,67
4,4,50,52,49
5,5,44,42,44
3,3,72,79,74
3,3,56,75,65
4,3,60,53,85
5,5,43,46,49
2,2,88,100,96
5,4,51,47,52
5,5,35,44,43
5,4,50,48,50
3,2,79,77,88
2,3,60,91,87
1,1,110,140,134
8,5,35,25,49
2,2,97,123,109
4,4,48,49,50
2,2,124,95,114
7,4,49,33,62
3,3,63,69,66
2,2,77,90,88
3,3,79,78,81
4,5,42,58,48
6,5,38,40,41
5,6,35,44,40
3,3,72,75,70
3,3,78,83,83
2,2,84,120,104
3,3,55,82,70
4,5,41,50,36
1,1,113,146,129
2,1,108,117,144
5,5,43,43,44
4,4,54,57,60
7,4,43,29,54
2,2,71,112,98
3,4,54,65,61
3,3,66,80,75
5,5,46,45,46
1,2,123,136,127
2,2,103,121,115
2,2,109,118,121
1,2,109,128,114
8,6,29,25,34
1,1,120,137,148
5,5,37,46,44
2,2,91,104,92
2,2,92,107,101
2,2,82,109,112
3,4,45,66,60
5,4,50,47,52
4,3,77,52,75
2,1,128,108,144
2,2,92,109,96
2,1,108,104,129
3,3,74,82,75
1,1,124,143,137
3,4,57,64,61
4,4,59,58,55
6,4,43,35,56
2,3,78,91,83
2,2,103,118,110
4,4,50,56,53
6,6,31,34,37
2,2,80,93,89
4,4,47,50,65
2,2,94,84,110
3,3,72,74,73
5,4,48,46,54
4,4,43,58,50
8,5,34,26,52
4,5,48,50,48
5,3,59,47,82
4,4,50,50,49
6,6,32,34,39
4,3,53,58,75
4,2,69,53,90
3,4,48,66,69
1,1,115,135,128
3,3,63,63,61
2,2,104,127,116
2,2,84,93,113
4,4,54,51,53
4,4,45,52,53
1,1,120,139,148
4,2,65,59,89
7,4,40,33,51
3,3,65,74,70
5,4,49,48,46
2,2,106,116,108
4,5,38,51,45
1,1,128,137,149
5,5,40,47,44
1,2,104,129,118
3,2,83,64,99
4,3,57,54,66
5,3,66,43,66
3,2,82,63,98
4,4,58,57,59
4,4,57,57,54
4,5,39,56,49
6,4,52,35,54
6,6,31,35,36
4,4,62,62,57
5,5,41,48,46
3,3,52,79,64
8,6,32,28,35
7,4,49,33,43
2,2,99,127,120
2,2,81,91,88
7,6,30,29,43
2,2,82,96,90
3,3,70,74,67
2,1,93,105,130
5,5,34,42,47
7,6,36,30,35
6,3,55,38,71
5,4,52,42,58
6,5,40,35,42
7,3,49,31,63
2,2,96,116,108
2,2,110,114,122
8,6,30,26,35
4,5,39,51,46
3,3,71,75,70
4,4,48,53,60
5,6,34,45,42
4,2,63,51,84
6,5,39,34,41
2,2,98,87,119
5,5,42,41,45
1,1,108,141,134
8,6,32,28,42
6,5,47,39,49
4,2,70,61,97
6,5,34,34,60
1,2,112,128,121
2,2,102,125,117
2,2,93,121,112
6,5,46,40,42
1,1,129,131,144
3,2,90,66,93
1,2,106,133,119
1,2,111,132,124
4,4,48,53,52
2,3,78,88,80
6,6,39,37,37
3,1,89,71,148
2,3,75,84,77
6,5,40,39,41
5,4,59,41,58
7,6,38,33,38
3,3,77,66,79
3,3,61,69,66
2,2,69,105,95
2,2,94,107,94
3,3,75,65,74
4,5,40,52,49
3,1,96,78,129
8,5,39,27,50
5,4,50,48,48
2,2,97,116,111
2,3,59,95,84
4,3,59,59,71
3,3,68,72,71
6,5,41,39,41
5,5,38,43,45
4,4,55,50,52
3,4,54,65,57
5,3,66,46,63
3,3,57,74,77
3,4,56,64,53
5,5,35,48,45
4,2,84,50,79
4,4,50,59,45
2,2,91,113,114
2,1,113,104,133
3,3,63,73,72
8,5,38,26,44
2,2,99,86,114
2,3,65,92,74
3,3,72,71,75
3,3,52,75,66
3,3,62,74,68
2,2,106,118,113
6,5,40,35,45
3,3,63,68,63
5,3,53,41,73
4,4,51,57,52
2,2,78,99,93
6,3,57,37,87
3,3,64,78,75
6,4,47,34,83
6,6,31,36,47
2,3,76,84,79
5,3,50,45,80
2,2,100,119,110
4,4,56,58,56
3,2,83,77,105
3,3,72,80,75
2,3,76,87,80
6,6,36,37,36
2,2,107,127,117
3,3,62,69,66
2,3,73,85,79
3,4,54,63,61
7,5,37,31,56
3,3,60,71,68
4,2,94,53,79
4,4,59,60,59
1,1,128,128,153
3,3,69,68,66
6,5,36,37,54
3,3,63,65,65
1,1,117,131,134
4,5,40,54,46
1,1,126,139,144
3,2,79,65,104
6,5,40,38,40
2,2,107,125,119
6,6,38,36,37
2,2,90,104,97
3,3,64,75,74
4,5,40,57,58
2,2,80,88,85
5,5,41,47,47
4,4,58,58,55
4,4,52,58,55
2,2,102,123,114
3,2,94,75,125
4,3,77,50,79
2,2,81,109,99
7,6,30,31,38
1,2,81,133,115
5,3,53,48,67
4,4,53,56,53
5,3,54,46,80
6,4,39,34,66
6,4,50,37,61
4,4,49,62,54
5,4,49,45,53
4,3,51,56,68
3,4,44,66,58
2,2,83,94,91
5,4,51,48,49
2,2,99,127,116
3,4,57,65,50
2,2,87,96,94
2,2,81,109,100
3,3,65,65,62
4,2,79,56,91
3,3,68,65,68
4,4,43,58,55
1,2,108,135,122
3,3,68,78,74
4,5,44,49,36
4,3,59,53,83
3,4,53,69,61
4,5,39,59,59
2,3,73,88,81
5,5,41,42,40
3,2,91,78,103
4,4,59,59,56
7,4,46,31,52
2,2,86,110,103
4,4,52,56,47
7,6,34,29,35
3,4,43,67,61
7,5,38,32,55
2,2,84,102,94
2,2,113,94,117
3,3,67,83,77
6,4,47,38,50
3,3,68,78,76
2,2,84,98,91
2,1,115,125,129
3,3,57,73,68
7,6,33,31,38
3,2,97,75,102
2,2,112,94,119
6,5,41,38,35
2,2,75,95,90
6,4,42,35,50
3,3,73,71,75
3,3,69,81,80
7,3,49,33,67
3,3,67,79,74
3,3,78,68,76
3,4,57,65,60
4,4,57,55,55
7,6,34,29,32
3,3,75,82,77
4,5,39,55,54
2,2,94,92,102
3,2,82,82,102
2,1,111,126,146
3,3,81,76,82
2,2,86,109,102
2,1,97,106,131
4,5,39,49,48
5,4,53,49,50
5,3,63,41,72
3,3,67,71,65
3,2,95,70,91
5,4,52,48,52
2,2,96,122,114
2,1,118,107,142
1,1,108,131,141
3,3,55,67,70
6,5,41,37,37
3,4,49,63,56
4,4,59,56,57
6,6,46,40,32
4,3,74,57,66
3,3,55,75,71
6,5,38,37,45
5,5,41,43,46
5,3,52,44,64
7,5,32,30,60
5,4,49,43,44
2,2,96,118,108
2,2,97,113,110
4,4,60,59,58
8,5,40,28,48
3,3,61,73,75
8,6,30,25,42
7,6,31,32,48
3,3,70,81,75
6,6,33,35,47
4,4,52,55,52
2,2,98,116,102
2,2,73,119,120
6,6,39,35,37
2,3,80,91,83
2,3,75,86,79
4,5,40,59,56
5,5,48,47,45
6,6,35,34,38
3,3,55,77,63
6,4,41,37,74
2,2,72,91,85
5,4,52,47,51
2,3,62,96,80
6,6,31,37,42
5,5,34,44,42
3,2,83,71,118
2,3,59,91,93
4,3,68,60,65
7,6,34,30,35
1,2,110,128,121
3,2,63,71,89
2,3,82,93,80
2,1,120,108,135
3,4,46,68,70
2,1,96,85,129
4,4,53,52,50
4,4,47,54,51
5,5,39,46,45
2,2,79,89,86
2,2,90,102,97
2,2,91,100,97
2,2,90,98,99
3,3,60,74,70
2,2,85,86,87
4,4,43,56,52
5,5,43,46,44
1,1,127,140,146
2,2,82,90,88
4,4,52,61,61
3,2,88,73,94
5,3,63,41,60
4,4,44,56,53
3,3,67,69,65
4,2,87,58,94
2,2,80,107,101
6,4,40,39,52
2,2,95,121,109
4,4,56,57,55
4,2,70,57,92
3,2,100,76,91
6,6,36,36,34
4,3,61,59,63
2,2,74,99,91
5,6,32,44,43
5,6,36,43,37
4,5,53,49,35
2,3,83,93,84
7,4,49,33,50
4,4,48,50,50
2,2,85,92,82
4,2,84,50,76
2,2,107,121,111
2,1,105,113,144
1,1,125,138,150
3,4,62,65,62
4,5,39,49,46
2,2,89,98,88
5,6,33,47,46
4,2,76,54,88
2,2,100,119,105
3,2,76,75,102
3,2,74,71,101
3,4,47,64,62
5,5,40,43,49
1,2,112,136,123
8,4,40,28,51
2,2,106,126,117
2,2,83,86,87
7,6,32,29,38
6,4,46,40,63
6,4,44,38,51
4,5,39,53,47
2,1,112,88,129
8,5,33,25,54
3,3,69,70,66
6,6,33,35,40
7,6,30,29,35
4,4,50,50,47
1,2,105,135,125
3,4,57,76,52
3,2,82,64,113
2,2,89,106,99
6,6,30,39,39
5,5,40,41,40
2,2,81,111,102
6,6,37,34,36
4,4,58,56,58
2,3,84,102,83
3,3,50,77,77
4,4,51,58,56
2,2,96,90,104
2,1,127,119,131
4,3,62,57,83
2,2,80,91,114
5,5,37,48,41
3,2,81,82,85
4,4,55,60,58
4,5,36,50,47
2,2,88,93,85
3,2,88,81,90
8,6,25,27,44
3,3,63,76,70
3,3,74,79,73
4,4,55,58,54
2,2,108,124,117
6,4,42,40,52
2,1,94,99,133
2,2,81,84,122
5,4,50,45,49
2,1,96,106,129
8,5,40,25,40
4,3,68,60,66
3,4,44,68,61
2,2,98,101,103
5,6,34,47,41
2,2,87,92,83
2,2,98,121,116
3,5,57,65,40
4,3,63,50,66
1,2,104,137,121
4,4,54,58,58
1,1,115,137,132
2,2,99,112,109
1,1,107,140,131
3,3,70,68,72
7,6,34,29,34
5,5,41,42,41
5,6,35,41,35
8,6,34,28,29
2,2,82,87,114
6,5,39,37,52
2,3,66,84,81
7,6,36,30,38
7,6,29,29,42
2,2,102,123,117
2,1,117,87,131
7,6,32,30,41
2,2,90,103,99
4,5,36,49,50
3,3,50,79,73
6,6,37,35,32
2,2,102,86,119
8,6,32,28,41
8,5,41,27,41
7,6,37,33,34
4,4,41,54,51
4,4,54,56,54
2,2,109,117,117
1,1,124,143,152
3,3,60,68,64
3,3,81,83,83
2,2,101,111,105
2,1,116,109,139
3,3,59,68,63
3,3,66,65,65
2,3,68,96,80
4,5,40,57,44
2,3,66,86,70
6,6,36,35,36
2,2,85,85,88
8,6,29,28,36
3,3,66,73,69
8,6,24,26,43
2,3,78,87,78
3,3,75,79,75
5,5,43,42,42
5,3,45,43,90
2,2,86,87,91
3,4,50,71,57
5,3,57,46,66
2,1,107,121,141
2,2,99,113,105
5,5,46,46,49
4,4,47,52,51
2,2,91,93,96
4,4,50,57,55
4,4,48,55,67
8,4,45,28,52
4,4,50,53,51
2,2,92,98,97
7,5,41,30,47
2,1,121,85,135
6,5,43,35,44
2,2,85,103,97
6,5,42,39,41
6,6,30,36,35
7,6,33,30,35
3,2,100,82,110
5,3,60,42,93
2,3,80,90,81
2,2,89,89,96
8,6,31,26,45
6,6,36,35,35
4,4,53,53,50
3,3,68,71,65
2,2,93,116,110
6,4,69,36,47
3,3,81,80,82
4,4,56,52,55
8,6,31,27,34
6,6,34,37,37
1,1,115,139,143
4,4,41,61,61
3,3,54,74,63
3,3,70,80,74
5,6,33,44,40
6,5,40,36,38
2,2,97,125,116
7,6,39,30,35
2,2,97,118,113
8,5,43,27,47
5,5,43,42,40
1,1,106,132,146
8,6,29,26,35
4,3,66,61,81
3,3,70,75,70
3,2,97,75,107
2,2,88,101,98
5,5,44,42,46
2,2,75,98,90
7,5,31,29,51
4,4,52,54,61
2,3,83,88,80
3,4,59,66,61
4,5,41,53,47
5,5,47,48,49
2,2,109,122,118
4,4,57,56,54
2,2,99,122,114
4,4,48,57,50
1,2,100,139,118
4,5,43,50,39
6,6,30,39,37
5,6,34,41,35
2,1,117,96,137
2,2,103,111,105
5,6,34,42,36
5,2,80,45,93
2,2,99,112,101
6,6,37,35,37
3,3,68,66,70
2,2,112,91,112
3,2,107,83,117
3,3,60,73,70
4,4,61,57,58
2,2,100,108,104
4,3,55,51,69
3,3,76,83,81
3,3,59,67,63
4,3,61,54,83
6,5,43,37,42
2,1,111,103,129
5,4,52,48,50
4,3,61,57,67
6,6,35,35,34
4,2,75,58,88
8,5,35,28,41
2,3,72,84,77
4,4,55,55,53
3,2,92,71,112
4,5,40,55,52
4,4,57,62,59
2,2,96,118,111
7,6,29,29,37
6,6,36,34,40
2,2,101,106,107
4,5,44,57,46
6,4,47,40,57
2,2,98,122,118
4,4,46,55,58
3,3,75,80,74
5,3,57,42,72
4,2,64,50,85
5,6,39,41,39
3,2,85,77,113
5,3,67,48,79
5,4,44,45,52
1,1,123,146,147
5,5,39,45,45
5,5,43,45,46
2,2,90,117,105
1,1,115,131,149
2,2,93,105,102
2,1,119,102,142
7,6,31,30,37
4,3,63,55,61
4,4,60,61,58
4,5,47,49,46
6,6,32,37,35
6,4,54,34,46
4,3,71,54,83
4,4,50,49,48
5,5,43,44,46
6,4,52,37,59
4,4,51,57,54
1,1,113,138,130
3,3,54,82,79
6,6,36,37,37
2,2,91,100,91
2,2,99,115,108
6,5,43,39,40
5,4,51,48,52
1,2,105,128,114
4,4,47,50,52
2,2,103,121,111
4,3,71,62,73
6,4,49,40,53
4,3,50,53,78
2,2,90,98,96
3,4,48,67,66
3,3,60,80,65
3,2,96,78,110
3,3,75,79,72
6,5,45,39,40
4,4,56,51,56
3,3,57,70,66
2,2,84,99,93
2,2,94,104,100
2,2,94,111,105
2,2,98,122,115
2,3,76,87,79
3,3,67,82,77
6,6,32,36,36
4,3,61,56,87
2,2,77,98,92
4,3,76,52,82
3,3,67,72,71
4,5,41,55,43
5,2,65,46,91
1,1,121,132,137
4,4,51,51,53
2,2,90,109,97
4,4,42,49,58
2,2,86,93,85
5,4,40,46,59
1,1,128,146,147
2,2,112,90,117
3,3,56,82,70
5,5,44,43,44
6,6,32,36,39
4,5,39,53,43
3,3,64,71,65
5,5,36,45,44
5,5,40,41,43
4,4,44,52,62
4,5,43,53,46
6,6,33,35,34
4,3,62,61,63
4,4,56,61,58
2,2,100,112,109
1,1,112,146,134
2,2,85,94,84
3,3,58,75,69
2,2,101,112,109
3,3,61,65,89
4,5,39,54,53
2,1,91,88,130
8,5,37,28,56
3,2,70,66,87
6,5,41,40,38
7,6,29,33,38
3,4,48,72,69
7,6,35,32,30
4,3,63,56,60
3,4,49,77,66
2,2,99,114,102
2,2,97,122,117
4,4,46,59,63
3,2,96,73,88
2,2,106,118,112
6,6,33,34,37
4,3,67,58,63
2,2,85,114,107
5,5,43,44,41
4,4,48,55,53
7,6,29,33,42
4,5,39,56,57
2,3,77,84,81
6,6,35,35,35
4,3,64,60,72
5,6,31,40,35
2,2,90,116,108
6,6,31,38,35
2,2,97,111,100
4,4,49,50,58
5,5,41,42,44
3,3,64,65,61
6,4,53,35,44
2,2,95,114,106
3,4,43,64,53
6,6,34,38,35
5,3,51,43,76
2,1,118,125,132
3,3,55,74,63
2,2,95,120,109
7,6,32,33,34
3,3,68,70,74
4,5,46,50,48
2,2,96,118,113
3,3,68,70,65
3,4,49,76,74
3,4,55,66,60
1,1,128,135,140
2,1,102,101,128
6,5,42,40,39
5,5,37,43,51
4,4,46,55,51
4,4,50,52,54
2,3,68,91,83
5,5,35,43,50
3,3,79,81,75
5,6,37,48,37
3,4,58,63,59
2,2,83,95,90
2,2,84,106,101
2,2,108,121,114
3,2,88,73,93
6,4,44,35,66
5,5,44,48,47
4,4,60,53,58
4,4,49,50,53
2,2,80,91,86
4,5,41,53,42
3,3,76,67,82
2,2,97,119,111
2,2,92,109,101
4,4,51,50,47
1,1,122,140,144
6,6,32,35,40
6,4,37,39,78
2,1,108,114,149
5,5,40,42,41
7,6,29,32,39
5,4,52,46,57
2,2,83,92,140
2,2,85,125,96
7,6,33,31,36
1,1,124,145,140
2,2,104,127,113
4,4,50,62,59
2,2,82,93,90
2,2,80,85,95
6,6,38,36,39
5,5,36,43,42
2,1,118,114,139
2,2,94,115,108
2,2,95,97,99
7,6,37,33,32
3,4,57,68,62
4,3,56,53,88
4,3,63,61,63
4,4,53,50,51
3,3,81,77,80
5,5,43,44,38
5,5,44,43,42
3,2,75,64,95
2,2,89,106,100
1,1,115,140,146
2,2,64,87,108
6,6,39,40,35
6,6,31,36,37
4,5,39,51,42
3,3,82,70,81
5,6,31,42,40
4,4,42,58,54
8,6,34,28,38
4,3,59,50,78
2,2,74,105,91
4,5,45,55,44
3,2,74,79,97
3,3,67,76,71
1,1,120,139,151
6,3,63,36,50
3,3,72,82,79
4,4,50,57,43
4,5,47,49,48
3,2,109,76,113
3,2,83,71,86
4,3,61,60,81
5,6,38,47,39
4,5,41,59,49
3,2,77,75,104
3,3,77,67,74
2,1,103,113,150
1,1,115,144,130
6,5,41,35,39
3,2,102,80,117
5,5,36,42,41
2,2,75,103,109
2,2,103,115,115
3,3,58,71,67
2,2,109,95,110
5,4,47,44,53
6,6,29,37,35
2,2,88,107,100
3,3,70,65,68
3,3,68,68,69
4,4,45,58,54
3,2,81,67,87
6,6,29,34,38
4,3,60,54,69
4,4,56,56,57
6,5,34,37,50
2,1,111,113,132
2,2,84,99,92
4,6,39,51,38
6,5,42,37,40
7,4,36,32,66
6,6,39,36,36
2,2,103,123,113
3,3,55,69,66
3,2,101,80,110
6,3,49,37,64
3,3,54,67,88
5,4,49,47,45
5,4,47,49,75
7,6,34,32,38
4,4,58,54,57
2,2,94,113,105
2,2,77,103,95
4,5,38,51,42
3,3,65,70,66
2,2,96,106,103
4,4,55,59,55
7,6,37,33,31
1,1,112,128,144
3,2,99,83,122
2,2,64,92,89
2,2,63,99,94
4,4,45,52,50
4,4,45,50,50
3,3,67,74,70
3,3,74,71,76
2,1,97,104,141
5,5,36,45,43
4,4,52,53,50
2,2,103,89,112
1,2,88,143,125
2,2,98,112,109
1,2,111,130,121
6,6,38,37,38
2,2,106,122,118
5,4,52,43,57
4,4,43,62,59
2,2,90,102,118
2,2,81,88,86
8,5,44,25,37
1,2,108,128,118
1,1,112,148,130
4,4,50,51,49
2,2,95,114,111
7,6,33,33,35
3,4,58,66,62
4,4,57,51,54
4,5,43,52,46
1,1,126,137,145
5,5,37,41,41
4,4,46,53,51
2,2,93,101,92
7,6,37,33,40
5,6,38,44,38
2,2,113,125,127
6,6,29,34,34
4,4,49,51,55
3,2,95,72,110
7,6,34,31,34
3,3,53,64,72
3,3,61,68,63
6,6,39,35,34
2,2,71,114,97
6,4,46,34,60
3,3,63,64,75
2,3,59,87,90
2,2,105,119,110
5,3,57,44,72
2,1,111,123,143
2,2,108,99,125
1,2,104,128,124
2,2,88,106,97
3,3,64,72,53
6,3,61,40,68
5,6,39,46,40
6,5,36,38,41
2,2,102,122,115
3,3,79,65,80
5,4,41,47,62
6,4,46,34,71
2,2,95,112,102
2,2,100,124,113
3,3,69,79,73
1,1,126,137,138
3,3,70,75,69
3,3,66,63,62
6,6,34,37,36
2,1,121,108,149
4,3,54,51,70
3,2,63,75,85
6,6,30,34,43
4,3,72,53,77
5,3,69,48,69
3,3,75,75,81
5,6,32,40,36
4,3,67,61,73
4,4,61,61,58
3,3,60,78,65
4,3,69,56,80
2,2,100,121,104
6,6,38,35,36
4,4,49,61,55
6,6,39,34,39
3,4,48,67,57
1,1,127,144,139
3,2,84,76,98
6,6,39,39,37
1,2,101,134,124
3,3,69,67,73
8,5,34,28,50
3,3,82,76,80
2,2,71,111,97
2,2,98,118,115
3,3,62,65,63
6,3,63,40,53
2,2,92,100,91
2,2,88,95,92
2,3,54,84,76
2,2,82,104,98
2,2,103,119,113
2,2,88,110,102
5,5,43,41,44
3,3,64,63,65
4,2,75,59,138
6,6,32,37,38
6,6,33,39,47
6,3,44,39,92
6,5,45,34,49
2,2,105,118,113
3,2,75,73,106
2,2,96,113,105
2,2,102,124,115
3,2,115,74,95
7,6,32,31,35
6,5,37,40,45
3,4,57,63,59
3,4,62,78,60
4,4,54,54,54
2,2,103,127,118
5,5,40,46,46
2,2,84,111,101
3,2,80,64,102
4,5,40,60,48
3,2,74,64,93
3,3,73,75,70
4,4,49,59,57
7,4,43,30,56
5,6,34,44,40
3,3,76,82,73
4,2,99,57,79
6,6,29,38,37
4,4,54,62,58
4,4,44,59,57
1,1,123,140,135
5,5,41,45,38
2,2,94,105,94
2,2,79,92,86
4,3,59,62,63
2,2,71,92,85
4,2,78,58,95
6,5,37,39,44
5,6,36,41,40
3,2,106,79,119
7,6,36,31,37
3,4,51,71,57
2,1,104,104,139
4,4,53,53,55
1,2,104,130,119
4,4,48,56,55
8,5,32,27,62
7,6,30,32,37
5,6,35,48,39
4,3,49,58,81
3,2,87,83,87
1,2,107,131,118
4,5,35,49,49
7,6,31,33,37
2,2,89,85,99
5,3,53,46,105
7,4,41,30,74
4,5,37,55,55
4,4,60,62,59
4,4,50,50,50
4,4,49,61,59
5,5,45,43,42
4,6,38,50,39
5,3,81,49,75
3,3,64,72,68
6,6,31,38,37
5,3,51,47,64
2,2,89,98,98
4,2,72,62,94
3,3,60,74,72
3,3,58,80,67
2,2,82,97,89
1,1,129,148,152
1,1,124,144,136
3,3,59,66,63
2,2,79,106,100
2,1,115,103,134
3,3,50,78,64
3,4,63,70,44
6,6,34,38,36
4,4,55,51,59
1,1,85,144,130
4,5,40,61,58
2,2,78,91,87
5,6,34,40,37
7,6,28,31,42
2,3,70,84,82
5,5,43,43,43
4,4,56,53,56
7,5,40,29,44
1,1,123,143,135
2,2,88,86,98
2,1,116,112,130
4,4,49,50,52
4,3,68,62,66
5,5,36,47,53
6,5,38,39,45
2,1,115,114,142
7,5,41,31,49
7,6,39,31,36
2,1,99,102,134
4,4,50,55,57
2,2,105,100,122
4,4,52,54,51
1,1,126,130,147
2,3,76,86,80
2,2,92,95,127
2,2,95,112,105
2,2,90,95,97
3,4,44,66,51
6,6,32,37,37
4,2,78,60,120
3,3,67,64,67
4,4,46,55,53
7,5,32,31,50
2,1,115,117,148
7,5,45,30,39
6,5,38,34,43
3,4,46,69,60
2,2,76,89,105
4,4,46,52,51
4,2,69,62,94
3,3,68,83,77
5,4,54,49,53
6,6,31,38,36
4,5,41,50,47
5,5,46,46,45
6,5,40,36,41
3,3,53,71,70
2,3,83,87,81
2,2,94,105,101
2,3,81,110,79
4,4,41,54,53
3,3,61,64,101
6,3,50,36,74
6,5,45,34,42
4,5,38,52,47
4,3,64,60,56
4,5,39,56,56
6,6,35,38,30
3,4,43,64,61
4,3,64,55,76
2,2,110,124,117
3,3,77,81,82
5,5,34,41,46
8,6,30,26,42
3,3,73,76,76
1,2,89,139,127
2,2,96,119,107
7,6,37,33,39
6,5,39,40,43
2,2,84,107,102
1,2,103,128,118
5,5,38,42,41
4,3,57,52,76
2,2,94,122,110
3,3,79,80,83
8,6,32,28,34
3,3,62,67,64
2,3,74,87,81
4,4,49,61,54
2,2,78,92,90
5,6,39,48,40
1,2,99,131,116
4,4,54,50,60
4,3,70,50,73
3,2,89,78,91
3,4,60,67,62
3,3,75,76,80
7,6,35,30,37
2,2,73,93,89
3,3,64,79,77
3,4,53,71,60
3,3,54,69,65
6,4,50,34,51
3,3,73,63,79
5,5,42,44,45
3,4,49,76,76
2,2,97,125,114
3,4,48,70,61
4,4,51,52,53
8,6,37,28,38
4,4,53,57,54
4,4,46,51,51
3,3,66,72,77
6,6,32,37,43
5,5,44,44,43
2,2,87,98,94
4,4,52,51,60
1,1,119,140,146
3,2,80,81,86
2,2,89,93,94
4,4,59,58,59
4,4,59,53,58
3,3,54,80,75
1,2,100,131,122
6,6,37,34,35
1,2,109,134,124
2,2,82,98,88
3,3,71,79,73
2,2,92,103,97
2,1,105,107,131
5,4,49,42,55
3,3,73,66,70
6,5,43,39,42
4,5,45,53,45
3,3,62,71,67
5,4,46,48,61
8,6,36,25,38
2,3,64,85,70
5,5,41,46,44
1,1,127,143,146
2,3,81,88,74
2,2,84,102,93
2,2,98,106,104
2,2,88,97,95
3,2,69,64,97
2,2,90,99,96
3,2,89,70,106
2,2,88,98,87
3,2,79,82,116
3,3,75,77,72
2,2,98,108,105
7,5,39,32,44
3,3,63,80,73
2,2,80,92,87
2,2,74,90,88
7,4,42,30,51
2,1,128,122,145
4,4,54,50,52
3,2,87,66,86
3,2,88,77,119
5,5,39,41,44
3,2,114,82,111
4,4,47,50,51
5,5,41,44,44
6,6,38,35,34
3,4,53,72,60
2,2,96,106,106
4,4,45,53,52
4,2,75,60,105
6,3,54,38,69
2,2,80,102,98
5,4,50,46,50
6,4,48,40,50
2,2,89,89,123
7,5,36,33,44
8,5,41,26,42
3,2,82,74,110
7,6,30,31,37
3,3,67,75,71
3,4,46,66,64
1,1,97,144,147
1,1,124,131,136
4,3,63,55,76
2,2,105,122,114
5,5,43,44,43
3,3,62,70,66
6,6,38,39,40
7,6,30,31,36
5,5,48,45,49
2,2,92,122,114
2,2,114,112,113
2,2,104,126,115
6,4,43,37,69
4,3,65,59,83
2,2,78,102,94
3,2,81,63,110
6,5,43,40,41
2,2,71,97,100
2,2,77,99,93
5,4,51,42,50
2,2,93,96,98
1,1,126,138,149
5,4,61,44,56
6,5,41,38,40
5,3,50,42,101
2,2,101,119,106
3,3,77,79,73
2,2,89,99,88
2,2,90,111,104
5,3,58,46,66
6,6,39,39,39
5,6,38,47,37
7,4,40,30,57
2,2,78,98,93
7,6,34,32,37
5,5,46,43,42
4,3,80,58,70
3,2,76,71,102
3,3,69,65,70
2,2,94,103,100
3,3,69,81,76
3,3,75,75,78
6,6,32,38,47
4,4,58,58,61
2,3,68,85,80
4,4,57,59,57
2,2,94,122,113
2,2,110,126,116
3,3,66,83,80
3,4,48,75,74
2,1,85,110,128
6,5,43,38,41
6,6,32,37,41
1,1,124,141,149
4,2,83,55,134
3,4,57,65,61
2,2,108,127,124
6,6,33,37,36
4,5,41,49,42
1,2,85,132,107
4,2,74,62,108
7,4,43,31,59
5,6,33,40,40
5,3,55,45,78
4,4,58,57,60
2,3,62,96,84
6,6,37,38,40
5,4,45,45,61
3,3,65,75,70
2,2,100,108,105
4,4,43,54,51
5,6,35,40,39
5,3,64,47,71
2,2,84,104,101
5,5,41,43,43
4,5,41,53,41
1,1,115,145,130
2,2,80,87,86
4,5,36,50,48
4,4,44,60,64
4,5,45,51,49
2,2,100,126,119
2,3,65,94,69
5,3,82,45,69
2,3,79,106,73
4,5,46,51,49
2,2,93,119,109
1,2,110,136,125
6,5,45,40,41
6,6,35,39,37
5,5,43,46,47
7,6,28,33,42
4,4,41,53,51
3,3,66,74,69
5,4,42,44,66
4,4,50,51,48
3,2,95,83,117
2,3,60,84,81
5,6,31,40,36
1,2,100,131,123
4,4,58,53,56
5,6,35,40,36
4,3,68,56,74
5,5,44,41,41
5,5,39,47,45
1,2,86,137,111
1,2,86,146,119
4,4,47,54,54
2,2,98,117,111
3,3,67,68,65
2,3,73,84,76
4,3,60,62,66
1,1,125,150,149
4,5,39,57,59
2,2,79,93,88
2,1,112,115,130
3,2,107,68,97
6,6,35,39,36
4,4,57,57,57
6,4,35,34,74
2,2,77,100,95
2,2,71,108,89
2,3,77,91,84
3,4,45,64,64
4,4,56,60,61
6,4,49,37,51
5,4,51,48,50
3,2,97,82,121
4,3,75,52,74
7,6,32,30,36
2,2,80,95,104
3,4,48,73,58
2,2,102,114,107
6,4,48,36,67
4,4,57,57,53
7,5,42,32,43
4,4,50,58,56
2,2,88,100,94
6,4,45,34,51
5,5,42,42,43
6,4,54,37,52
8,6,32,25,35
2,2,91,89,126
3,2,85,81,126
5,6,33,40,38
4,4,49,49,48
4,4,46,54,58
3,2,94,63,86
5,6,33,44,47
5,4,45,47,54
2,2,88,104,97
5,5,46,43,46
3,3,68,71,75
4,4,48,60,54
7,6,37,33,38
5,3,63,45,62
8,6,34,27,40
2,2,78,90,88
3,3,72,76,71
3,3,58,69,63
2,3,74,88,78
4,6,36,49,39
5,3,69,48,65
3,4,58,64,60
7,5,40,32,47
5,6,35,41,39
4,4,46,53,52
5,6,35,45,40
4,4,52,51,50
5,4,46,45,50
2,1,112,106,143
4,3,59,60,63
7,6,36,31,39
2,1,112,98,135
1,1,116,138,149
2,2,104,113,110
4,2,67,57,96
4,3,68,59,83
5,4,44,45,55
2,3,66,91,69
3,2,85,65,100
3,3,63,74,69
3,3,82,74,79
3,3,65,72,68
3,4,43,66,57
6,5,40,38,42
4,5,46,50,49
4,5,42,49,47
5,6,37,41,30
5,6,35,43,40
6,6,31,36,42
2,2,87,96,93
3,2,73,75,109
7,6,32,33,35
4,5,40,50,51
5,5,46,46,44
3,3,78,83,77
2,2,96,117,113
7,4,62,31,40
7,6,29,29,34
4,4,52,57,55
6,6,39,37,38
6,6,31,36,36
4,2,79,53,86
4,2,71,52,86
4,4,54,50,53
5,5,38,48,51
2,2,97,110,106
1,2,118,133,125
6,6,32,38,44
3,3,64,69,67
2,2,106,85,125
8,6,36,25,39
3,3,64,63,67
4,4,61,53,59
4,5,41,52,40
5,5,45,44,47
4,4,51,60,55
8,6,32,26,38
3,3,68,72,70
7,4,54,29,45
1,2,108,128,117
4,5,39,54,44
2,2,85,102,97
2,2,92,95,123
2,2,95,105,95
1,2,111,129,112
3,4,52,71,57
2,2,92,98,123
7,4,44,33,55
3,2,101,71,107
7,4,43,30,55
2,2,98,106,105
2,2,88,116,108
6,5,42,39,38
5,5,42,41,41
7,4,41,30,51
5,5,43,43,42
4,5,43,57,48
4,2,103,56,81
7,6,31,31,35
2,2,87,106,95
2,2,95,113,109
5,4,49,49,52
2,2,83,84,124
4,5,36,50,52
6,4,44,37,67
2,3,65,105,84
1,2,111,135,124
5,5,35,44,41
5,6,36,41,36
1,1,126,128,144
7,6,34,30,31
3,4,60,64,59
2,2,77,94,132
2,3,75,90,84
2,2,85,95,90
5,5,42,44,46
2,2,87,101,95
2,2,92,104,102
4,2,81,51,126
4,4,60,61,60
5,4,54,47,58
4,2,81,62,103
3,2,73,71,97
3,2,75,69,97
3,3,64,78,64
6,6,39,38,39
2,2,88,91,92
4,3,65,50,71
2,2,92,102,103
4,6,40,51,38
2,2,98,123,117
5,5,46,42,42
5,2,73,44,108
4,3,72,51,72
2,2,78,118,109
3,3,58,76,65
4,4,44,51,51
2,3,73,92,83
3,4,42,64,58
5,4,46,46,50
7,5,38,30,45
2,3,70,85,79
7,5,31,29,62
4,3,81,57,76
3,4,49,75,69
1,1,129,139,145
2,1,122,117,129
3,2,81,82,84
7,6,33,32,36
3,3,76,67,73
2,2,84,90,82
5,5,36,46,44
5,6,37,41,40
6,4,46,39,62
2,2,80,86,85
3,3,72,79,77
2,3,76,91,84
5,5,42,44,40
5,2,66,48,89
7,5,32,29,57
4,3,62,60,62
2,2,66,89,108
3,4,47,69,68
7,5,40,31,42
2,2,77,96,87
5,6,31,43,41
6,4,44,40,61
4,3,71,61,75
3,3,70,74,72
5,5,45,43,49
1,1,121,147,142
1,2,105,138,126
2,3,76,86,82
3,4,58,69,49
2,3,67,86,80
2,2,103,116,112
1,2,104,128,113
2,2,78,92,89
4,4,50,61,49
3,3,59,73,70
7,6,36,33,34
5,3,56,49,63
1,2,121,133,125
4,4,48,50,52
3,2,80,82,113
6,5,43,38,39
5,5,41,41,41
2,3,78,89,80
1,1,128,144,148
7,6,35,30,39
5,3,51,45,70
4,4,53,50,60
5,3,76,44,65
7,6,29,30,39
2,2,101,120,111
2,2,94,105,103
5,5,40,46,45
4,5,40,55,56
3,3,67,72,68
3,3,69,70,65
1,1,88,150,137
3,2,64,71,87
4,5,38,53,44
6,6,33,35,36
4,4,61,54,59
3,4,46,70,71
3,2,69,66,95
7,5,42,31,36
7,4,39,33,65
4,3,59,60,77
3,4,48,66,56
4,4,61,62,60
6,5,36,37,41
3,4,56,73,62
4,4,59,60,56
6,5,34,40,48
3,3,50,76,74
4,2,62,50,84
2,2,83,106,102
3,3,74,82,77
4,4,53,53,54
2,3,74,86,82
5,4,41,43,52
6,6,37,36,35
2,1,121,127,149
5,5,38,47,46
2,2,93,123,111
4,4,52,59,44
4,4,43,51,52
5,5,41,47,37
5,5,48,45,45
2,3,75,87,79
3,4,44,62,53
3,4,50,63,59
3,2,77,64,101
5,4,50,45,46
5,5,39,42,52
8,6,32,25,38
1,2,85,134,111
5,6,38,41,40
4,4,56,50,62
4,5,39,53,42
1,1,122,139,132
4,4,53,56,54
6,3,53,38,64
2,2,102,114,110
3,3,56,78,63
5,4,51,42,55
4,4,54,52,53
3,3,67,79,73
1,1,125,129,152
3,3,68,67,68
6,4,42,39,54
2,2,83,100,95
5,5,48,44,47
5,6,34,41,36
6,6,31,36,44
2,2,86,114,107
5,5,38,47,44
4,4,46,53,50
2,2,83,122,111
2,3,61,98,86
7,6,34,30,36
2,3,62,91,72
3,2,82,63,101
2,2,80,89,88
5,5,38,42,53
5,5,36,48,41
5,5,41,46,46
7,6,39,30,40
1,1,120,136,136
4,5,44,53,48
4,3,63,62,62
6,6,42,39,33
2,2,97,114,106
2,2,92,121,110
6,6,33,37,45
8,6,34,26,36
3,3,71,75,68
2,2,112,124,121
7,4,42,33,50
3,2,76,76,84
6,6,34,38,30
3,3,58,70,67
4,3,49,55,64
2,2,83,122,100
2,3,66,84,69
3,3,64,63,64
7,6,36,30,36
5,5,42,45,45
2,2,122,93,112
5,4,54,47,60
2,2,96,106,104
6,4,43,36,60
2,2,96,113,106
2,2,78,88,85
4,4,57,59,56
5,5,45,43,45
3,3,66,71,67
8,6,25,26,44
3,3,74,73,75
2,2,92,110,104
2,2,110,90,117
6,5,36,40,49
6,5,45,38,49
5,5,44,43,49
6,3,56,40,68
6,6,34,36,36
3,2,114,78,97
2,2,121,93,119
4,4,53,49,49
5,3,58,48,67
5,5,41,43,48
3,2,84,80,114
4,4,40,50,62
2,2,86,100,94
8,6,31,28,36
1,1,127,146,153
2,3,69,87,81
2,1,127,126,144
4,4,51,50,49
2,1,113,91,129
8,6,32,27,38
3,3,55,83,78
6,4,61,38,52
1,1,123,136,128
2,3,61,95,84
7,6,36,31,33
4,4,42,57,54
3,3,73,76,72
4,4,58,58,56
6,6,35,36,37
3,3,65,63,66
1,2,120,134,125
2,2,101,118,109
7,4,41,29,51
3,3,74,71,73
2,3,70,85,80
3,3,69,78,72
6,6,30,34,34
3,3,70,75,71
7,6,35,33,29
5,5,46,49,49
4,3,61,50,90
2,2,90,112,103
2,2,79,100,93
2,3,81,90,82
4,4,51,60,57
4,5,45,50,49
8,6,32,27,36
8,6,34,25,36
4,4,60,60,57
3,2,77,63,88
3,4,58,76,53
6,6,35,40,36
6,4,59,37,54
4,5,40,51,43
4,4,42,56,56
2,2,101,125,116
3,3,55,80,74
1,2,104,128,119
5,5,46,41,42
6,3,53,39,64
7,6,36,31,38
3,4,54,75,59
6,4,42,37,51
4,4,59,60,57
2,2,87,99,94
4,5,46,56,48
8,5,39,25,43
4,4,47,57,55
4,5,42,55,43
2,2,105,109,111
4,5,46,49,47
3,3,63,67,65
1,2,112,128,122
3,3,61,69,65
3,2,82,69,93
2,3,83,89,81
4,4,54,62,59
2,2,93,90,96
7,6,29,30,35
4,4,59,60,60
4,4,51,61,61
3,2,78,77,111
2,2,103,111,110
6,6,37,38,39
3,2,111,80,108
1,1,127,131,146
3,3,54,65,75
2,2,101,93,111
1,1,115,147,139
1,2,103,128,116
1,2,113,129,126
4,3,59,52,83
7,4,47,33,70
4,3,59,54,75
6,4,60,37,61
4,4,51,52,50
4,4,48,56,54
4,2,64,60,89
4,4,43,56,56
3,3,71,70,72
5,4,46,45,54
1,1,116,131,128
2,2,75,95,89
3,4,61,64,61
3,3,62,68,64
4,4,51,59,58
4,4,45,62,69
7,5,34,30,52
4,3,54,52,77
2,2,103,122,109
2,1,101,117,128
7,5,51,29,34
2,2,102,124,113
2,2,87,102,95
2,3,82,88,82
6,3,57,35,70
7,4,37,29,63
6,6,33,35,37
4,4,50,60,58
2,2,81,96,90
5,6,33,40,39
2,2,96,109,101
5,5,43,41,42
2,2,84,120,99
4,4,49,58,57
5,3,56,48,78
2,2,89,84,101
4,2,104,58,87
6,5,35,39,41
2,2,81,96,91
6,5,41,35,44
3,3,69,73,67
3,3,67,68,69
5,5,41,43,49
2,1,98,115,136
4,3,54,54,70
2,1,112,96,141
5,5,37,44,42
1,1,120,138,145
1,1,119,138,134
4,4,47,53,62
7,5,51,29,35
5,2,65,48,86
2,2,89,99,90
2,1,127,126,153
7,6,31,30,45
7,4,34,30,64
3,3,71,72,69
5,6,39,43,31
2,2,94,112,114
2,2,96,105,96
2,2,83,90,88
3,3,69,70,76
3,3,73,76,77
8,6,30,28,35
4,4,52,55,56
4,4,53,52,62
5,5,45,43,46
2,2,83,101,92
4,4,58,57,57
5,2,62,48,92
7,6,34,31,31
3,3,70,72,70
6,4,49,39,53
3,3,52,65,63
2,2,81,102,97
4,4,53,61,56
3,3,73,67,71
1,1,119,143,132
4,4,43,62,66
3,3,72,83,76
7,5,39,29,50
4,4,48,54,53
3,2,78,66,105
2,2,86,117,107
3,3,64,63,62
3,3,73,74,64
5,3,56,42,74
2,2,104,84,123
6,5,41,38,39
2,2,79,99,95
3,3,68,75,66
7,6,34,33,32
5,5,43,46,46
4,5,41,50,48
7,6,38,31,39
4,3,61,54,82
7,5,38,30,42
2,1,93,96,133
1,1,122,140,133
1,1,123,141,141
4,2,66,62,93
6,5,44,40,42
5,4,50,41,49
3,3,74,83,79
2,2,84,102,95
3,3,60,67,64
4,2,68,52,87
5,5,42,41,42
1,1,98,135,143
3,3,67,76,72
5,5,39,42,41
5,5,45,45,45
7,4,46,32,64
3,3,62,72,70
2,3,70,85,83
5,6,34,40,38
2,2,100,117,113
2,2,92,90,94
5,4,50,44,45
6,4,46,38,64
1,1,119,149,149
2,2,107,124,119
1,2,98,128,120
8,5,37,27,45
5,5,36,42,47
5,5,38,43,41
4,4,54,55,52
6,6,33,36,34
5,5,42,45,47
5,5,34,46,47
7,5,36,32,43
4,4,56,51,52
2,2,99,105,103
2,2,112,122,124
4,5,40,54,52
7,4,45,32,65
2,2,80,89,86
6,6,36,36,38
4,4,59,62,57
6,6,38,40,39
2,2,66,105,109
5,5,43,48,41
7,6,36,33,36
6,6,38,37,35
6,6,41,35,33
6,6,33,39,39
6,6,34,35,34
5,5,48,44,45
2,3,60,95,85
5,3,50,47,66
4,2,85,62,107
4,5,47,51,49
3,3,56,75,79
2,2,91,114,106
7,6,43,32,25
3,2,75,69,104
4,5,57,59,36
3,4,50,75,61
2,2,92,91,93
2,2,84,96,90
4,3,57,55,66
7,4,43,33,67
4,2,71,54,92
5,4,43,43,52
3,3,53,70,66
4,3,57,57,72
4,4,54,61,56
4,4,55,56,55
6,4,48,40,83
5,3,71,48,70
2,2,103,124,113
3,2,91,72,111
2,2,94,119,108
4,4,54,61,60
4,4,41,60,56
7,5,40,31,48
7,5,37,29,50
8,6,31,28,42
6,5,41,39,42
7,6,38,31,31
2,1,100,115,129
3,4,47,63,55
4,4,43,55,52
4,2,97,58,93
2,3,76,87,81
8,6,37,26,39
6,3,56,37,64
1,2,99,130,121
7,6,33,29,36
1,1,121,133,141
5,5,45,41,41
5,4,51,45,59
4,4,55,53,55
3,3,65,64,60
4,4,45,61,50
3,3,76,80,80
4,4,56,53,55
8,4,42,28,63
5,5,40,47,45
7,5,35,30,41
5,3,50,46,74
4,4,47,61,51
3,3,74,76,77
3,3,62,72,68
5,4,53,48,54
7,6,30,30,36
5,4,48,47,61
5,5,34,41,53
3,3,64,73,71
5,4,43,41,52
2,2,90,103,112
8,6,36,25,33
3,4,60,65,56
4,3,73,59,67
2,3,75,84,83
6,4,45,39,52
5,4,59,47,59
2,2,89,115,105
4,3,66,62,60
3,3,57,72,69
2,1,129,118,131
5,4,55,46,56
3,4,52,63,62
4,5,42,52,49
2,1,121,107,135
4,2,98,61,88
1,2,114,131,127
2,3,61,87,66
2,2,84,98,95
2,2,106,90,114
2,1,127,116,131
4,3,62,55,60
7,6,32,32,34
4,2,68,57,89
4,3,59,51,63
6,6,34,39,36
2,1,95,96,139
3,3,55,67,66
2,3,70,90,84
2,3,64,89,77
2,2,97,108,97
5,5,45,48,49
2,2,93,105,105
3,4,47,65,69
4,4,47,56,56
2,2,77,93,91
2,2,73,91,88
5,3,58,46,79
5,4,41,48,68
4,4,45,52,51
3,3,57,64,63
4,4,56,58,61
6,6,37,39,38
3,3,74,78,77
1,1,115,136,128
7,6,28,30,53
5,5,45,47,46
3,3,78,70,75
4,5,40,61,56
1,2,118,128,126
7,6,38,33,34
5,3,55,47,95
8,6,29,25,49
6,6,39,36,35
4,4,44,50,58
2,2,93,109,102
7,6,37,32,40
2,2,105,116,107
3,4,59,65,61
4,2,68,60,95
7,5,35,29,57
3,4,62,82,55
2,2,86,108,99
2,2,73,125,118
5,5,36,43,43
5,5,45,45,43
3,3,73,78,73
3,3,59,73,67
4,5,44,52,38
2,2,89,97,118
2,2,101,127,117
3,3,72,73,70
4,2,75,54,97
8,6,33,28,38
2,3,59,89,80
2,2,105,121,112
4,4,50,60,59
2,2,79,95,90
2,3,64,98,80
5,5,50,45,30
4,4,59,54,55
5,4,48,44,55
3,3,74,79,70
2,3,72,84,78
4,4,41,52,50
2,2,99,124,115
6,3,50,36,89
3,3,66,82,78
5,3,58,49,76
5,5,38,44,45
3,2,90,81,118
1,2,124,150,125
3,3,65,73,69
2,2,103,117,106
6,6,36,37,35
3,3,62,70,67
6,5,43,39,44
5,6,35,46,38
4,4,45,62,66
5,6,37,46,37
2,2,97,113,106
2,2,91,104,102
2,2,82,98,91
2,3,70,92,81
6,6,33,36,36
3,4,47,66,57
6,4,39,36,75
6,6,32,35,43
2,1,121,122,140
4,4,58,57,54
6,5,40,37,39
3,2,79,79,104
2,2,81,95,87
4,4,57,51,55
5,4,50,49,49
2,2,94,89,97
5,4,42,46,53
4,4,50,49,47
6,6,30,34,35
3,4,54,63,59
5,5,43,42,45
4,4,54,51,45
1,2,103,134,124
3,3,55,65,63
6,6,37,34,37
3,3,65,80,73
1,2,115,128,120
6,6,31,35,40
5,5,45,45,44
1,2,102,132,116
5,6,33,43,41
6,3,46,39,92
6,4,53,35,48
2,2,111,110,124
5,5,44,41,36
1,1,124,139,130
2,2,72,91,86
2,2,81,93,87
2,2,106,121,115
1,2,80,136,130
2,2,100,108,107
2,2,101,119,117
3,3,57,69,78
7,5,48,33,45
4,4,53,59,57
2,2,99,114,108
6,6,33,36,37
3,2,70,65,96
4,3,54,60,83
3,4,59,64,60
5,5,46,43,43
3,2,101,76,113
2,3,76,86,78
3,3,62,79,73
6,6,38,34,36
4,3,67,49,74
6,6,29,34,37
3,2,65,73,91
7,6,35,33,37
8,6,34,25,30
2,2,85,99,94
4,3,63,61,62
4,3,72,54,62
4,4,60,56,55
7,5,45,33,41
3,4,44,67,64
3,2,94,72,105
2,1,108,121,144
3,2,83,70,109
7,6,35,29,33
2,2,90,97,95
7,6,32,32,45
3,4,60,63,60
2,2,93,84,104
4,5,47,50,49
2,2,110,120,122
5,6,35,42,32
2,2,104,121,109
1,1,120,147,135
7,5,38,31,60
5,5,43,41,43
2,2,89,106,97
3,2,68,66,98
2,2,86,96,86
2,2,98,125,120
2,2,108,88,114
5,5,39,42,42
7,5,33,32,64
5,3,47,47,97
3,3,64,75,71
3,3,73,75,72
2,2,89,116,105
4,4,47,53,51
7,5,40,32,49
8,5,33,26,52
6,6,32,39,42
3,3,60,68,65
5,6,35,41,38
1,2,102,128,117
2,2,105,122,116
1,2,84,143,130
8,6,28,27,44
2,2,104,119,111
6,6,32,39,44
3,2,89,77,91
4,2,76,62,123
8,5,39,28,53
2,2,74,103,99
3,2,78,69,90
6,6,32,34,38
2,3,76,86,77
4,5,42,51,49
2,2,102,121,112
5,5,42,47,47
4,5,40,52,45
5,6,34,45,40
3,2,101,76,108
3,3,58,69,66
4,4,61,60,59
6,6,33,34,41
4,3,67,62,58
1,1,111,149,134
3,3,76,82,80
6,5,43,39,41
4,5,38,51,54
2,2,90,116,107
5,5,42,43,43
3,3,75,79,80
4,5,38,51,44
4,2,68,52,89
5,4,58,49,55
6,5,36,39,43
2,2,103,108,109
4,4,49,53,51
4,6,38,51,40
4,5,41,51,49
2,2,67,89,91
4,4,53,55,53
4,4,55,54,53
4,4,43,57,52
2,2,99,112,107
1,1,117,150,140
5,6,34,41,38
7,6,35,31,36
4,2,65,59,88
2,2,82,92,87
2,2,82,85,99
4,3,67,59,64
5,4,46,44,50
8,6,31,27,35
4,4,55,58,56
8,6,32,28,36
2,2,93,108,125
4,4,42,56,55
3,4,50,74,56
1,2,104,133,120
6,6,33,40,43
2,3,72,85,79
7,5,34,31,51
6,6,33,38,36
4,5,37,49,44
2,2,84,96,87
3,2,106,65,92
2,2,105,117,111
7,5,36,30,48
5,5,43,43,46
3,3,59,80,65
5,4,51,48,60
3,3,76,82,76
3,3,82,75,79
5,4,55,48,53
2,2,76,125,107
6,6,35,34,35
6,5,41,39,40
4,4,50,61,62
3,3,58,71,65
1,2,113,129,125
4,4,49,56,54
6,6,33,36,41
1,1,128,143,136
2,3,78,84,77
3,3,64,72,66
5,4,45,46,49
5,4,45,49,52
1,2,106,128,118
7,5,34,33,61
3,2,97,82,115
6,5,42,39,39
1,1,122,137,142
4,4,54,55,58
5,5,38,42,59
2,2,97,114,109
4,4,52,61,59
4,4,49,52,50
6,5,39,40,41
2,3,62,89,75
3,4,43,67,64
8,5,37,27,44
2,3,81,87,81
2,2,79,93,86
2,2,99,106,104
5,5,40,42,44
4,4,48,51,53
6,3,59,38,69
3,3,77,82,73
2,2,101,107,104
8,6,31,28,40
2,1,128,126,131
3,4,58,70,62
2,2,101,121,112
5,4,42,45,60
5,5,41,46,45
2,3,82,85,79
2,1,102,93,128
5,5,44,45,47
2,3,65,88,61
7,6,33,31,34
4,4,60,56,61
5,4,47,49,51
2,2,105,117,110
2,2,90,85,109
2,2,76,96,91
4,5,40,49,49
6,6,35,35,32
7,6,35,29,36
7,6,36,33,39
3,4,61,67,61
1,1,124,141,141
3,2,84,68,88
3,3,56,76,90
4,4,53,62,61
3,4,42,64,59
2,1,115,116,142
2,2,79,90,85
4,2,65,53,92
4,3,76,56,65
3,3,66,76,73
2,1,114,126,150
5,4,53,46,57
2,3,66,87,81
3,3,52,63,69
3,3,54,79,68
4,5,41,52,37
8,6,33,28,34
2,2,80,107,108
7,4,50,33,41
4,5,39,57,56
2,3,56,87,82
8,6,30,26,44
5,3,61,45,69
5,5,40,45,42
2,3,79,89,84
7,4,44,30,56
2,2,74,95,88
1,2,106,128,115
3,4,57,70,49
5,3,60,44,93
6,5,42,36,37
4,2,74,62,96
5,6,33,44,45
5,5,45,45,38
3,2,65,75,120
6,6,39,35,35
4,3,57,60,68
3,3,71,75,71
4,4,47,59,75
5,3,54,47,96
4,2,65,56,89
3,3,72,68,72
8,5,34,26,48
6,4,48,37,63
2,2,118,89,114
5,4,50,47,51
3,3,54,71,67
6,6,31,37,35
7,6,37,32,37
5,3,51,41,80
5,3,55,45,69
4,4,42,55,53
2,1,126,107,131
2,2,73,94,90
2,2,88,112,104
3,4,44,66,67
4,4,43,53,50
2,2,111,122,112
5,3,71,44,70
6,6,35,38,32
2,2,106,109,114
2,3,72,104,83
7,6,43,33,27
2,2,87,112,106
7,6,29,30,37
3,3,62,76,74
2,2,98,122,113
6,6,38,35,38
6,6,41,37,32
5,3,60,44,76
5,5,43,41,41
2,3,70,93,84
5,4,48,48,53
4,5,39,55,60
6,5,39,40,61
5,5,47,47,45
6,5,38,35,41
2,2,73,85,86
3,3,63,71,67
2,2,84,94,92
2,2,87,119,108
5,6,32,41,49
6,4,51,35,54
3,3,64,80,75
2,2,95,123,114
6,5,43,36,44
2,2,102,115,110
8,6,39,28,40
5,5,37,44,44
2,2,88,101,96
7,6,35,30,29
4,4,41,51,61
3,3,75,75,80
2,2,88,102,97
3,3,74,78,73
6,5,46,39,43
7,4,34,29,66
4,2,72,58,86
1,1,122,144,141
4,5,48,49,46
3,4,56,67,47
4,4,51,59,59
5,3,58,44,76
2,2,80,94,89
7,4,44,32,62
2,2,88,92,94
2,1,101,119,130
4,4,56,56,54
5,5,37,42,42
2,3,70,84,61
5,5,46,44,46
6,5,40,36,36
4,3,52,60,79
2,2,85,85,92
1,1,107,128,145
6,6,35,39,34
2,3,59,97,93
5,5,40,41,42
3,3,61,65,90
4,3,60,56,104
5,5,37,46,43
3,2,102,74,100
4,4,49,54,54
4,5,36,52,45
3,2,78,82,110
3,2,97,69,103
4,3,50,50,66
4,5,48,49,47
4,4,61,56,58
4,5,38,49,46
5,5,36,43,45
7,6,37,30,34
7,5,44,32,38
2,2,79,100,95
2,2,88,91,116
7,4,47,30,53
8,6,25,26,41
4,4,53,54,53
5,5,35,45,44
3,3,50,70,64
2,2,101,90,115
6,4,56,39,61
6,5,36,39,58
5,6,33,45,43
2,1,102,116,136
3,3,71,73,70
4,4,56,56,55
7,6,36,32,38
3,2,76,77,105
2,2,95,108,104
2,2,102,120,107
8,6,24,26,41
3,3,57,65,64
2,2,90,107,104
5,5,42,46,35
7,4,44,29,53
2,2,92,110,103
5,3,57,43,73
5,3,65,41,72
7,4,43,29,58
7,5,38,33,43
3,4,60,65,43
3,3,67,77,76
3,4,62,82,61
7,5,42,31,46
3,3,67,70,70
3,3,68,69,67
4,4,49,58,50
8,5,41,27,47
5,5,46,45,49
5,4,53,45,57
6,4,48,35,67
4,4,54,59,56
2,2,91,92,122
4,3,59,49,70
2,2,95,109,105
2,2,87,93,95
4,5,43,49,45
3,3,77,82,75
8,6,30,26,37
6,6,31,38,40
8,5,37,27,50
8,6,33,28,35
2,2,89,113,105
5,5,43,44,36
2,2,89,112,108
4,4,50,60,57
2,2,82,94,89
2,2,90,109,96
2,2,92,101,90
3,4,44,67,69
2,2,87,95,86
8,6,33,27,44
3,2,106,81,117
2,2,80,97,90
3,3,69,74,70
2,1,123,125,134
6,6,31,38,44
2,1,127,124,126
5,6,35,42,40
4,4,45,61,60
6,5,42,34,36
3,3,54,68,66
2,2,79,98,95
3,3,74,77,74
2,2,85,89,82
2,2,90,105,97
2,2,83,95,140
2,1,123,126,136
4,3,62,55,81
3,3,70,81,79
2,2,107,126,120
4,4,55,55,57
1,1,127,134,140
4,4,44,49,60
5,5,40,46,44
1,2,111,140,113
2,2,74,95,89
3,4,52,62,46
7,6,35,33,34
6,5,39,39,41
7,5,37,33,49
4,4,51,53,52
6,5,38,35,43
3,2,75,69,105
4,4,51,51,49
6,6,39,38,35
3,3,76,77,72
2,2,90,96,95
8,5,41,26,45
3,2,65,81,91
4,4,61,61,59
2,1,116,109,135
2,2,104,124,109
5,5,48,46,49
2,2,68,91,92
2,2,82,103,98
2,2,91,114,108
3,4,61,65,62
3,3,76,78,72
3,3,67,69,67
2,2,98,108,98
5,3,72,43,63
6,6,36,34,36
2,2,90,104,98
2,2,78,101,92
6,6,38,40,40
3,4,44,67,57
2,2,99,89,112
6,6,31,34,43
2,3,76,89,82
4,3,83,61,82
6,5,42,35,35
5,4,43,45,50
4,5,38,50,42
8,5,36,25,43
2,1,113,110,128
2,2,86,89,91
2,2,101,124,116
5,6,37,44,35
4,4,49,49,50
6,6,34,37,31
4,4,48,61,53
4,5,41,52,46
2,2,98,112,99
3,3,58,73,69
6,3,41,39,84
2,2,108,123,115
2,2,126,113,125
5,4,49,48,56
1,2,87,131,91
5,4,52,48,49
2,2,84,95,90
2,2,105,107,111
2,1,127,111,147
5,6,33,42,38
3,3,62,63,58
1,2,114,133,124
2,2,74,86,135
1,2,107,130,121
3,4,51,64,59
2,2,108,122,116
6,6,34,36,40
2,2,101,115,110
3,3,61,76,73
2,3,67,84,79
2,2,89,114,103
3,3,83,70,81
3,3,56,69,71
2,1,123,123,147
2,2,93,106,99
7,4,44,33,53
4,4,59,57,57
4,2,86,55,93
4,3,64,62,60
7,6,40,33,27
5,3,51,41,82
4,4,49,49,47
2,3,71,87,84
4,5,37,49,48
1,1,119,137,128
5,5,48,48,48
3,3,77,76,80
6,4,43,38,56
3,4,56,64,59
3,3,77,77,80
3,3,75,81,75
3,3,60,74,68
5,6,40,47,37
1,1,114,149,138
5,5,38,48,55
7,6,33,31,39
5,6,32,40,37
3,3,60,82,71
6,6,35,37,32
2,2,102,113,113
6,6,34,38,39
3,3,64,70,57
6,4,45,38,65
5,4,50,49,48
5,6,33,40,37
2,2,98,106,103
2,2,95,112,109
6,6,37,36,37
4,3,56,54,89
2,2,105,125,116
5,5,43,44,42
2,3,69,86,78
6,5,42,36,47
5,5,36,43,41
2,2,89,90,92
6,6,34,40,39
2,2,109,120,118
2,2,80,96,90
3,2,71,71,102
8,6,30,27,39
1,1,120,129,140
5,3,50,42,67
5,5,38,45,55
3,2,99,69,113
5,4,51,46,47
2,2,87,112,105
2,2,90,105,100
5,6,34,45,35
7,6,34,33,31
2,2,102,109,105
4,5,57,54,36
3,4,50,71,62
3,3,66,64,62
4,4,52,59,56
2,3,77,86,79
3,2,75,77,107
2,1,103,86,136
2,2,99,125,115
7,6,33,31,37
1,2,100,128,119
2,2,98,116,111
7,5,44,31,38
4,5,38,55,53
2,2,98,126,118
1,2,115,132,124
4,4,51,50,54
7,4,44,31,54
2,2,99,108,105
4,4,48,60,72
7,6,31,31,34
1,2,89,149,127
4,2,62,59,85
1,1,116,150,142
1,1,122,135,138
5,3,63,41,69
4,4,50,55,54
4,4,49,50,48
2,2,65,102,110
2,2,84,107,101
2,3,78,87,79
8,5,41,28,47
3,3,75,83,77
3,4,49,66,64
4,5,44,51,49
7,6,30,30,37
5,4,53,47,48
2,2,95,117,103
3,2,81,67,116
2,2,96,113,108
4,2,71,62,98
3,3,71,82,78
4,4,51,54,56
1,1,127,145,138
2,2,95,115,108
5,5,41,48,47
5,6,37,42,37
2,2,86,94,91
3,3,63,69,65
2,2,88,93,84
7,6,36,32,33
6,6,35,36,35
2,1,127,124,140
3,2,73,64,102
4,5,48,59,48
5,5,34,44,49
1,1,126,145,137
2,2,77,92,85
4,2,74,58,136
3,3,77,79,80
2,2,102,117,109
3,3,61,71,66
3,4,55,63,59
4,5,46,51,47
4,3,55,60,69
4,4,56,60,56
4,3,58,55,69
2,2,83,108,103
2,1,129,124,152
1,2,106,128,119
5,4,43,44,52
7,4,42,33,56
5,6,33,41,38
7,6,29,31,37
6,6,37,38,37
1,1,126,146,145
3,3,63,63,60
3,3,66,80,78
7,6,30,32,39
6,6,37,38,38
6,4,56,39,59
3,4,56,65,60
4,3,61,61,65
2,2,91,98,119
8,6,29,25,37
8,6,37,25,36
2,3,76,84,77
2,2,92,89,119
2,1,105,125,135
5,4,44,49,59
3,4,55,65,62
3,4,45,66,57
3,2,65,78,87
1,1,123,138,151
3,3,77,69,73
5,6,35,45,39
8,5,34,26,41
